Country Name,Year,pri_completion_rate,unemployment_rate
Algeria,2000,80.16638947,29.77000046
Algeria,2001,86.29779053,27.29999924
Algeria,2002,88.08229828,25.89999962
Algeria,2003,89.7199173,23.71999931
Algeria,2004,91.32530212,17.64999962
Algeria,2005,93.07539368,15.27000046
Algeria,2006,83.62890625,12.27000046
Algeria,2007,94.39851379,13.78999996
Algeria,2008,112.9766464,11.32999992
Algeria,2009,91.88226318,10.15999985
Algeria,2010,95.61699677,9.960000038
Algeria,2011,97.63629913,9.960000038
Algeria,2012,101.5528793,10.97000027
Algeria,2013,106.0316772,9.819999695
Algeria,2014,108.3915787,10.21000004
Algeria,2015,105.5467224,11.21000004
Algeria,2016,105.5900497,10.19999981
Algeria,2017,105.6367111,10.33300018
Algeria,2018,105.143959,10.42000008
Algeria,2019,101.3646317,10.51299953
Algeria,2020,103.6635284,12.55000019
Argentina,2000,97.34647369,15
Argentina,2001,96.8216629,17.31999969
Argentina,2002,100.515831,19.59000015
Argentina,2003,98.16793823,15.35999966
Argentina,2004,96.57994843,13.52000046
Argentina,2005,94.64183044,11.51000023
Argentina,2006,97.10247803,10.07999992
Argentina,2007,99.86782074,8.470000267
Argentina,2008,103.1421738,7.840000153
Argentina,2009,103.3038712,8.649999619
Argentina,2010,103.5674133,7.710000038
Argentina,2011,103.8877106,7.179999828
Argentina,2012,103.3522491,7.21999979
Argentina,2013,101.6450119,7.099999905
Argentina,2014,103.1064377,7.269999981
Argentina,2015,102.9737396,7.520999908
Argentina,2016,103.8935699,8.111000061
Argentina,2017,99.96276093,8.350000381
Argentina,2018,98.70625305,9.220000267
Argentina,2019,98.54724121,9.840000153
Azerbaijan,2000,89.51351166,11.77999973
Azerbaijan,2001,95.1685791,10.90999985
Azerbaijan,2002,97.58601379,10.03999996
Azerbaijan,2003,92.69615173,9.170000076
Azerbaijan,2004,95.59542847,7.989999771
Azerbaijan,2005,93.43061829,7.260000229
Azerbaijan,2006,91.6054306,6.619999886
Azerbaijan,2007,98.13037109,6.329999924
Azerbaijan,2008,90.73683167,5.860000134
Azerbaijan,2009,91.77172089,5.739999771
Azerbaijan,2010,89.51445007,5.630000114
Azerbaijan,2011,92.80683136,5.420000076
Azerbaijan,2012,91.99118805,5.190000057
Azerbaijan,2013,88.08940887,4.96999979
Azerbaijan,2014,98.12570953,4.909999847
Azerbaijan,2015,103.2802124,4.960000038
Azerbaijan,2016,111.3019104,5
Azerbaijan,2017,107.1721725,5
Azerbaijan,2018,100.2199478,4.900000095
Azerbaijan,2019,100.3833389,4.849999905
Azerbaijan,2020,99.51779938,6.462999821
Belarus,2000,102.3249207,12.26200008
Belarus,2001,106.7331085,11.5539999
Belarus,2002,132.6765747,10.90699959
Belarus,2003,103.1890793,10.32400036
Belarus,2004,102.7190704,9.819999695
Belarus,2005,98.86844635,9.062999725
Belarus,2006,97.65106964,8.399999619
Belarus,2007,96.30975342,7.672999859
Belarus,2008,99.11292267,7.032000065
Belarus,2009,105.8452225,6.099999905
Belarus,2010,106.9727173,6.252999783
Belarus,2011,107.9056778,6.165999889
Belarus,2012,104.0764618,6.051000118
Belarus,2013,100.2649384,6.006000042
Belarus,2014,98.66790771,5.993999958
Belarus,2015,96.76220703,5.840000153
Belarus,2016,96.86775208,5.840000153
Belarus,2017,101.6810074,5.650000095
Belarus,2018,104.6179123,4.760000229
Belarus,2019,108.7617416,4.159999847
Belarus,2020,98.55618286,4.768000126
Belize,2000,100.0501328,10.85099983
Belize,2001,100.8180923,9.069999695
Belize,2003,97.24398041,10.23999977
Belize,2004,97.65119934,10.58699989
Belize,2005,98.44107819,10.90999985
Belize,2006,97.4540863,9.390000343
Belize,2007,98.99469757,8.510000229
Belize,2008,94.9059906,8.180000305
Belize,2009,99.68441772,8.25
Belize,2010,100.7418976,8.241999626
Belize,2011,103.9519577,8.284000397
Belize,2012,108.0577164,8.305999756
Belize,2013,101.6987762,8.350000381
Belize,2014,102.061203,8.239999771
Belize,2015,104.2317963,7.579999924
Belize,2016,105.3376236,7
Belize,2017,102.6097107,6.599999905
Belize,2018,104.4744797,6.644000053
Belize,2019,102.8469315,6.710999966
Belize,2020,104.4562302,8.461999893
Bhutan,2000,51.06835175,1.593000054
Bhutan,2001,51.48445892,1.899999976
Bhutan,2004,60.1642189,2.49000001
Bhutan,2005,66.09851837,3.099999905
Bhutan,2006,71.05857086,3.130000114
Bhutan,2007,72.63404083,3.700000048
Bhutan,2008,78.43048859,3.654999971
Bhutan,2009,80.84539795,3.960000038
Bhutan,2010,87.29344177,3.319999933
Bhutan,2011,89.07044983,3.230000019
Bhutan,2012,98.97335052,2.049999952
Bhutan,2013,96.63999176,2.869999886
Bhutan,2014,96.23844147,2.630000114
Bhutan,2015,96.58896637,2.450000048
Bhutan,2016,100.6621628,2.493000031
Bhutan,2017,100,2.453000069
Bhutan,2018,88.1620636,2.444000006
Bhutan,2019,76.99398041,2.502000093
Bhutan,2020,82.07420349,3.648999929
Brunei ,2000,114.790947,5.677999973
Brunei ,2001,121.6579514,5.784999847
Brunei ,2002,117.5329514,5.940999985
Brunei ,2003,119.9912262,6.012000084
Brunei ,2004,111.2814636,6.020999908
Brunei ,2005,107.3593063,6.125
Brunei ,2006,107.6546783,6.409999847
Brunei ,2007,107.4296265,6.333000183
Brunei ,2008,105.2743225,6.348999977
Brunei ,2009,101.9063568,6.465000153
Brunei ,2010,105.3538895,6.774000168
Brunei ,2011,110.9769974,6.940999985
Brunei ,2012,107.0699768,6.915999889
Brunei ,2013,106.1239319,6.880000114
Brunei ,2014,100.1175385,6.96999979
Brunei ,2015,102.1722794,7.784999847
Brunei ,2016,107.3572388,8.383000374
Brunei ,2017,107.4272232,9.319999695
Brunei ,2018,107.9787216,8.699999809
Brunei ,2019,100.0980072,6.920000076
Brunei ,2020,104.9582825,7.68200016
Bulgaria,2000,96.15943146,16.21999931
Bulgaria,2001,101.7548599,19.92000008
Bulgaria,2002,96.5668869,18.11000061
Bulgaria,2003,97.79255676,13.72999954
Bulgaria,2004,98.64273071,12.03999996
Bulgaria,2005,98.65926361,10.07999992
Bulgaria,2006,99.3508606,8.949999809
Bulgaria,2007,101.33284,6.880000114
Bulgaria,2008,95.15364838,5.610000134
Bulgaria,2009,101.7043991,6.820000172
Bulgaria,2010,113.3395615,10.27999973
Bulgaria,2011,110.2010422,11.26000023
Bulgaria,2012,101.8105621,12.27000046
Bulgaria,2013,98.95879364,12.93999958
Bulgaria,2014,97.95253754,11.42000008
Bulgaria,2015,96.19129181,9.140000343
Bulgaria,2016,92.04534149,7.570000172
Bulgaria,2017,89.81646729,6.159999847
Bulgaria,2018,86.6185379,5.210000038
Bulgaria,2019,84.97651672,4.230000019
Burkina Faso,2000,25.42222023,2.605000019
Burkina Faso,2001,26.67761993,2.648000002
Burkina Faso,2002,27.48546982,2.730000019
Burkina Faso,2003,29.11165047,2.779999971
Burkina Faso,2004,30.42653084,3.414999962
Burkina Faso,2005,31.7365799,4
Burkina Faso,2006,32.80561829,3.654999971
Burkina Faso,2007,34.97426987,3.299999952
Burkina Faso,2008,38.86925888,3.413000107
Burkina Faso,2009,43.91450882,3.559000015
Burkina Faso,2010,47.05522156,3.644999981
Burkina Faso,2011,53.66107178,3.785000086
Burkina Faso,2012,57.36603165,3.913000107
Burkina Faso,2013,62.34405136,4.046999931
Burkina Faso,2014,60.84949875,4.188000202
Burkina Faso,2015,62.02980042,4.321000099
Burkina Faso,2016,61.72433853,4.434000015
Burkina Faso,2017,63.51921844,4.563000202
Burkina Faso,2018,65.47892761,4.690000057
Burkina Faso,2019,64.54945374,4.69299984
Burkina Faso,2020,64.88916779,4.894999981
Burundi,2000,24.35050011,1.590000033
Burundi,2001,24.78704071,1.587000012
Burundi,2002,25.1833992,1.585999966
Burundi,2003,29.58313942,1.613000035
Burundi,2004,31.79199982,1.598999977
Burundi,2005,33.94643021,1.620000005
Burundi,2007,38.66096115,1.626999974
Burundi,2008,41.65348816,1.629999995
Burundi,2009,48.35905838,1.623000026
Burundi,2010,51.54841995,1.60800004
Burundi,2011,56.37577057,1.601999998
Burundi,2012,62.99792099,1.590000033
Burundi,2013,70.719841,1.577999949
Burundi,2014,69.56655884,1.570000052
Burundi,2015,64.53968048,1.600000024
Burundi,2016,67.67450714,1.590000033
Burundi,2017,68.37870026,1.588999987
Burundi,2018,63.02138901,1.587000012
Burundi,2019,59.37641907,1.588999987
Cabo Verde,2000,105.9931488,10.9829998
Cabo Verde,2001,98.75489044,11.00800037
Cabo Verde,2002,98.8344574,10.96000004
Cabo Verde,2003,98.88220215,10.93099976
Cabo Verde,2004,96.17209625,10.86699963
Cabo Verde,2005,81.75216675,10.84599972
Cabo Verde,2006,94.72467804,10.80300045
Cabo Verde,2007,91.7592392,10.72999954
Cabo Verde,2008,99.71652222,10.72999954
Cabo Verde,2009,96.83358765,10.72500038
Cabo Verde,2010,101.1008224,10.67000008
Cabo Verde,2011,96.2914505,10.88300037
Cabo Verde,2012,97.75907898,11.12100029
Cabo Verde,2013,92.35906219,11.34799957
Cabo Verde,2014,94.72225189,11.57499981
Cabo Verde,2015,95.21536255,11.80000019
Cabo Verde,2016,91.0370636,12.00800037
Cabo Verde,2017,87.40142059,12.23999977
Cabo Verde,2018,87.29020691,12.17000008
Cabo Verde,2019,99.99017334,12.21899986
Cambodia,2001,51.28442001,1.032999992
Cambodia,2002,59.91038132,1.097000003
Cambodia,2003,66.62339783,1.113999963
Cambodia,2004,77.6314621,1.129999995
Cambodia,2005,86.93856812,1.131000042
Cambodia,2006,89.38886261,1.208999991
Cambodia,2007,90.73403168,1.25999999
Cambodia,2008,85.92165375,0.819999993
Cambodia,2009,83.28926849,0.579999983
Cambodia,2010,85.17900085,0.769999981
Cambodia,2011,87.46833801,0.579999983
Cambodia,2012,93.19101715,0.50999999
Cambodia,2013,94.19036865,0.439999998
Cambodia,2014,96.64279175,0.689999998
Cambodia,2015,95.51302338,0.389999986
Cambodia,2016,92.41137695,0.720000029
Cambodia,2017,89.54563141,0.140000001
Cambodia,2018,87.9994812,0.143000007
Cambodia,2019,91.02736664,0.147
Cambodia,2020,91.9995575,0.331
Colombia,2000,96.0116806,20.52000046
Colombia,2001,92.80085754,15.03999996
Colombia,2002,92.81960297,14.47999954
Colombia,2004,100.1039734,12.73999977
Colombia,2005,104.173111,11.06000042
Colombia,2006,110.5809708,11.28999996
Colombia,2007,112.7317276,10.25
Colombia,2008,113.0217133,10.48999977
Colombia,2009,117.8619308,11.28999996
Colombia,2010,116.9559937,10.97999954
Colombia,2011,115.3100204,10.10999966
Colombia,2012,109.6682205,9.739999771
Colombia,2013,99.79444122,9.050000191
Colombia,2014,99.24220276,8.569999695
Colombia,2015,100.0330505,8.300000191
Colombia,2016,101.7112503,8.68999958
Colombia,2017,105.9868011,8.869999886
Colombia,2018,106.7693863,9.109999657
Colombia,2019,106.7657318,9.960000038
Colombia,2020,103.7517471,15.03999996
Costa Rica,2000,88.31564331,5.079999924
Costa Rica,2001,91.27375031,5.920000076
Costa Rica,2002,93.4924469,6.329999924
Costa Rica,2004,94.08341217,6.389999866
Costa Rica,2005,93.50605774,6.570000172
Costa Rica,2006,90.26892853,5.739999771
Costa Rica,2007,92.70088959,4.489999771
Costa Rica,2008,94.48940277,4.78000021
Costa Rica,2009,97.94898987,7.710000038
Costa Rica,2010,99.32607269,7.170000076
Costa Rica,2011,104.3604507,10.14000034
Costa Rica,2012,102.4104004,9.779999733
Costa Rica,2013,98.64965057,8.770000458
Costa Rica,2014,98.42607117,9.06000042
Costa Rica,2015,99.58660126,9
Costa Rica,2016,97.32090759,8.600000381
Costa Rica,2017,96.77837372,8.140000343
Costa Rica,2018,98.59436798,9.630000114
Costa Rica,2019,102.7380524,11.48999977
Costa Rica,2020,104.5921402,17.40999985
Croatia,2000,90.88205719,16.05999947
Croatia,2001,95.01474762,15.81999969
Croatia,2002,98.19367981,15.05000019
Croatia,2003,97.35977936,13.92000008
Croatia,2005,103.4470901,12.60000038
Croatia,2006,101.7197037,11.13000011
Croatia,2007,103.8742065,9.909999847
Croatia,2008,98.67823792,8.529999733
Croatia,2009,93.59108734,9.199999809
Croatia,2010,91.27275848,11.61999989
Croatia,2011,93.08901215,13.68000031
Croatia,2012,92.74301147,15.93000031
Croatia,2013,94.96452332,17.25
Croatia,2014,97.93856049,17.29000092
Croatia,2015,103.4840393,16.18000031
Croatia,2016,101.0199966,13.10000038
Croatia,2017,95.54715729,11.21000004
Croatia,2018,94.84780884,8.430000305
Croatia,2019,94.53153992,6.619999886
Cuba,2000,95.5450592,5.449999809
Cuba,2001,95.89134979,4.079999924
Cuba,2002,102.1481018,3.309999943
Cuba,2003,98.56324005,2.329999924
Cuba,2004,96.58499908,1.850000024
Cuba,2005,97.92652893,1.950000048
Cuba,2006,95.89933777,1.909999967
Cuba,2007,94.34615326,1.789999962
Cuba,2008,89.0286026,1.580000043
Cuba,2009,95.75437927,1.669999957
Cuba,2010,94.98464966,2.5
Cuba,2011,95.78063202,3.180000067
Cuba,2012,94.92070007,3.460000038
Cuba,2013,93.86077118,3.289999962
Cuba,2014,98.09442902,2.700000048
Cuba,2015,97.07624054,2.400000095
Cuba,2016,92.8256073,2
Cuba,2017,89.52381897,1.700000048
Cuba,2018,84.13140869,1.700000048
Cuba,2019,86.53215027,1.735000014
Cuba,2020,95.30088043,2.624000072
Cyprus,2000,97.65950012,4.96999979
Cyprus,2001,98.0424881,3.980000019
Cyprus,2002,100.450119,3.299999952
Cyprus,2003,101.184639,4.139999866
Cyprus,2004,87.55182648,4.329999924
Cyprus,2005,100.0818024,5.300000191
Cyprus,2006,101.1462097,4.539999962
Cyprus,2007,99.95162964,3.920000076
Cyprus,2008,100.2462082,3.650000095
Cyprus,2009,103.160408,5.360000134
Cyprus,2010,99.31649017,6.260000229
Cyprus,2011,101.7331009,7.860000134
Cyprus,2012,100.0641403,11.80000019
Cyprus,2013,98.3320694,15.86999989
Cyprus,2014,99.82537842,16.09000015
Cyprus,2015,96.81906128,14.90999985
Cyprus,2016,98.46739197,12.94999981
Cyprus,2017,101.2697296,11.05000019
Cyprus,2018,101.8767014,8.369999886
Cyprus,2019,102.5455017,7.070000172
Czechia,2000,99.34734344,8.760000229
Czechia,2001,99.44711304,7.989999771
Czechia,2002,104.0140305,7.019999981
Czechia,2003,99.17993927,7.539999962
Czechia,2004,99.77954865,8.210000038
Czechia,2005,98.93743896,7.929999828
Czechia,2006,93.89820099,7.150000095
Czechia,2007,95.59893799,5.320000172
Czechia,2008,98.50746155,4.389999866
Czechia,2009,103.5232773,6.659999847
Czechia,2010,106.4567795,7.28000021
Czechia,2011,103.75914,6.710000038
Czechia,2012,100.9904404,6.980000019
Czechia,2013,99.76103973,6.949999809
Czechia,2014,98.16072083,6.110000134
Czechia,2015,96.07079315,5.050000191
Czechia,2016,97.06746674,3.950000048
Czechia,2017,97.84403992,2.890000105
Czechia,2018,98.54006195,2.24000001
Czechia,2019,101.4376526,2.00999999
Denmark,2000,100.1467819,4.480000019
Denmark,2001,101.3587875,4.159999847
Denmark,2002,105.4157715,4.269999981
Denmark,2004,100.6575775,5.199999809
Denmark,2005,100.3595734,4.829999924
Denmark,2006,102.0396576,3.900000095
Denmark,2007,101.7559204,3.799999952
Denmark,2008,100.9705811,3.680000067
Denmark,2009,97.97302246,6.409999847
Denmark,2010,99.11992645,7.75
Denmark,2011,99.62966919,7.769999981
Denmark,2012,98.25849152,7.800000191
Denmark,2013,99.27841187,7.380000114
Denmark,2014,98.77497864,6.929999828
Denmark,2015,98.73802948,6.28000021
Denmark,2016,103.8826904,5.989999771
Denmark,2017,103.7763977,5.829999924
Denmark,2018,101.0366287,5.130000114
Denmark,2019,101.8970795,5.019999981
Ecuador,2000,97.24127197,4.800000191
Ecuador,2001,97.66513062,4.25
Ecuador,2002,97.31587982,4.897999763
Ecuador,2003,96.65190125,5.659999847
Ecuador,2004,96.30124664,5
Ecuador,2005,100.4165802,3.779999971
Ecuador,2006,99.7706604,3.549999952
Ecuador,2007,99.12251282,3.140000105
Ecuador,2009,97.2144928,4.610000134
Ecuador,2010,103.1958313,4.090000153
Ecuador,2011,106.9734573,3.460000038
Ecuador,2012,108.2071304,3.230000019
Ecuador,2013,108.6961594,3.079999924
Ecuador,2014,112.2291412,3.480000019
Ecuador,2015,106.4048386,3.619999886
Ecuador,2016,103.5557404,4.599999905
Ecuador,2017,105.4158478,3.839999914
Ecuador,2018,104.4336777,3.529999971
Ecuador,2019,101.4974976,3.809999943
Ecuador,2020,100.6137466,6.110000134
Estonia,2000,95.6677475,13.35999966
Estonia,2001,101.4070816,13.13000011
Estonia,2002,102.9511414,10.02999973
Estonia,2003,106.3058929,11.28999996
Estonia,2004,102.3217163,10.25
Estonia,2005,102.6362686,8.029999733
Estonia,2006,94.97763824,5.909999847
Estonia,2007,94.75234985,4.590000153
Estonia,2008,95.45355225,5.449999809
Estonia,2009,98.74658966,13.55000019
Estonia,2010,100.6342773,16.70999908
Estonia,2011,101.4313278,12.32999992
Estonia,2012,103.8179398,10.02000046
Estonia,2013,104.3208313,8.630000114
Estonia,2014,100.0924301,7.349999905
Estonia,2015,98.76663971,6.190000057
Estonia,2016,96.44262695,6.760000229
Estonia,2017,97.23143768,5.760000229
Estonia,2018,96.69463348,5.369999886
Estonia,2019,97.43179321,4.449999809
Eswatini,2000,69.66107178,24.24399948
Eswatini,2001,66.96278381,24.82900047
Eswatini,2002,69.46578979,25.36100006
Eswatini,2003,66.40332031,25.94400024
Eswatini,2004,68.15930939,26.52300072
Eswatini,2005,70.59430695,27.06500053
Eswatini,2006,72.02887726,27.63999939
Eswatini,2007,80.49994659,28.23999977
Eswatini,2009,79.07492828,27.05200005
Eswatini,2010,83.22717285,26.40600014
Eswatini,2011,83.8032074,25.81100082
Eswatini,2012,84.69747162,25.14900017
Eswatini,2013,86.04702759,24.54999924
Eswatini,2014,84.54666138,23.9659996
Eswatini,2015,89.14315033,23.32900047
Eswatini,2016,95.14885712,22.71999931
Eswatini,2017,95.81926727,22.75300026
Eswatini,2018,94.48487091,22.79199982
Eswatini,2019,88.59642792,22.83699989
Ethiopia,2000,22.31555939,3.509000063
Ethiopia,2001,27.74431038,3.303999901
Ethiopia,2002,31.60784912,3.130000114
Ethiopia,2003,34.92633057,2.941999912
Ethiopia,2004,37.69916916,2.693000078
Ethiopia,2005,43.46147919,2.5
Ethiopia,2006,47.19113922,2.470000029
Ethiopia,2007,47.29251862,2.434999943
Ethiopia,2008,49.45278931,2.405999899
Ethiopia,2009,51.35950851,2.380000114
Ethiopia,2010,57.70273972,2.338999987
Ethiopia,2011,52.54763031,2.312000036
Ethiopia,2012,50.30796814,2.286999941
Ethiopia,2013,53.32957077,2.25
Ethiopia,2014,53.38832855,2.262000084
Ethiopia,2015,54.11090088,2.273999929
Ethiopia,2016,61.57915115,2.288000107
Ethiopia,2017,63.68955994,2.299000025
Ethiopia,2019,67.74021149,2.325999975
Ethiopia,2020,68.08428955,3.236999989
Finland,2000,96.20359039,11.13000011
Finland,2001,102.1508026,10.28999996
Finland,2002,100.8714523,10.42000008
Finland,2003,101.9170685,10.47000027
Finland,2004,100.1813202,10.35999966
Finland,2005,100.193222,8.380000114
Finland,2006,96.7771225,7.71999979
Finland,2007,98.18776703,6.849999905
Finland,2008,98.77861023,6.369999886
Finland,2009,97.86470795,8.25
Finland,2010,98.62905121,8.390000343
Finland,2011,98.20484161,7.78000021
Finland,2012,100.0309677,7.690000057
Finland,2013,99.63838196,8.18999958
Finland,2014,98.88854218,8.659999847
Finland,2015,99.03192139,9.380000114
Finland,2016,100.8849716,8.819999695
Finland,2017,101.4983215,8.640000343
Finland,2018,100.3738098,7.360000134
Finland,2019,100.9760818,6.690000057
Georgia,2000,118.0893326,10.81999969
Georgia,2001,120.9960938,11.15999985
Georgia,2002,118.1896667,12.59000015
Georgia,2003,106.5050888,11.51000023
Georgia,2004,112.0704498,12.61999989
Georgia,2005,97.7706604,13.81000042
Georgia,2006,92.03656769,13.56999969
Georgia,2007,98.81681061,13.27999973
Georgia,2008,102.3803864,17.87000084
Georgia,2009,105.0745087,20.70999908
Georgia,2010,106.4736633,20.20000076
Georgia,2012,101.4368134,19.64999962
Georgia,2013,104.25811,19.42000008
Georgia,2014,103.5047379,17.44000053
Georgia,2015,102.9413834,16.51000023
Georgia,2016,115.4339523,16.60000038
Georgia,2017,113.7015991,13.93999958
Georgia,2018,95.50823212,12.67000008
Georgia,2019,92.82787323,11.56999969
Georgia,2020,93.53005219,18.5
Germany,2000,104.3469162,7.920000076
Germany,2001,105.7957077,7.769999981
Germany,2002,101.6701431,8.479999542
Germany,2003,100.6812363,9.779999733
Germany,2004,99.47026825,10.72999954
Germany,2005,96.87963867,11.17000008
Germany,2006,98.49680328,10.25
Germany,2007,103.5369797,8.659999847
Germany,2008,101.9790268,7.519999981
Germany,2009,102.3837967,7.739999771
Germany,2010,102.0153503,6.96999979
Germany,2011,101.5668793,5.820000172
Germany,2012,98.65313721,5.380000114
Germany,2013,98.39868927,5.230000019
Germany,2014,97.28270721,4.980000019
Germany,2015,98.91829681,4.619999886
Germany,2016,97.93720245,4.119999886
Germany,2017,98.80513763,3.75
Germany,2018,100.8433228,3.380000114
Germany,2019,99.01779938,3.140000105
Guatemala,2000,55.51237106,2.724999905
Guatemala,2001,58.03934097,2.78399992
Guatemala,2002,61.58015823,2.750999928
Guatemala,2004,67.26300812,2.970000029
Guatemala,2005,70.92420197,3.051000118
Guatemala,2006,73.92884064,3.061000109
Guatemala,2007,74.67053223,3.108999968
Guatemala,2008,77.5581665,3.309000015
Guatemala,2009,81.62690735,3.512000084
Guatemala,2010,83.62596893,3.5
Guatemala,2011,85.79241943,3.085000038
Guatemala,2012,84.75212097,2.75999999
Guatemala,2013,84.86328888,3.019999981
Guatemala,2014,84.669487,2.720000029
Guatemala,2015,82.71166992,2.50999999
Guatemala,2016,79.13230896,2.579999924
Guatemala,2017,79.94132996,2.460000038
Guatemala,2018,79.69037628,2.279999971
Guatemala,2019,79.13033295,2.190000057
Guatemala,2020,80.73668671,3.552999973
Hungary,2000,96.41895294,6.559999943
Hungary,2001,98.01667786,5.670000076
Hungary,2002,99.41333008,5.610000134
Hungary,2003,96.18540192,5.789999962
Hungary,2004,94.62100983,5.829999924
Hungary,2005,93.81266022,7.190000057
Hungary,2006,98.7664566,7.489999771
Hungary,2007,95.02565002,7.409999847
Hungary,2008,96.5894165,7.820000172
Hungary,2009,96.79566193,10.02999973
Hungary,2010,97.10366058,11.17000008
Hungary,2011,98.72741699,11.02999973
Hungary,2012,97.53672791,11
Hungary,2013,97.71341705,10.18000031
Hungary,2014,96.46964264,7.730000019
Hungary,2015,96.9503479,6.809999943
Hungary,2016,98.59475708,5.110000134
Hungary,2017,105.0500336,4.159999847
Hungary,2018,98.84925079,3.710000038
Hungary,2019,95.60597229,3.420000076
Iceland,2000,99.78250122,1.940000057
Iceland,2001,111.9304276,1.870000005
Iceland,2002,106.0606079,2.99000001
Iceland,2003,109.3578033,4
Iceland,2004,98.46871185,4.03000021
Iceland,2005,98.52311707,2.549999952
Iceland,2006,96.78497314,2.829999924
Iceland,2007,94.98313904,2.25
Iceland,2008,94.78128815,2.950000048
Iceland,2009,98.98027039,7.21999979
Iceland,2010,98.02002716,7.559999943
Iceland,2011,99.86000824,7.03000021
Iceland,2012,98.16384125,6
Iceland,2013,102.4735031,5.380000114
Iceland,2014,98.06101227,4.900000095
Iceland,2015,96.57388306,3.980000019
Iceland,2016,99.95250702,2.980000019
Iceland,2017,101.8414917,2.74000001
Iceland,2018,99.20509338,2.700000048
Iceland,2019,100.9760437,3.50999999
Italy,2000,101.744873,10.84000015
Italy,2001,104.9122772,9.600000381
Italy,2002,103.3618774,9.210000038
Italy,2003,103.7088089,8.869999886
Italy,2004,102.1325607,7.869999886
Italy,2005,100.3055573,7.730000019
Italy,2006,100.4195175,6.78000021
Italy,2007,102.3610687,6.079999924
Italy,2008,105.7323685,6.71999979
Italy,2009,103.6031876,7.75
Italy,2010,104.2058029,8.359999657
Italy,2011,105.3638611,8.359999657
Italy,2012,101.4161911,10.64999962
Italy,2013,100.3593292,12.14999962
Italy,2014,100.1127396,12.68000031
Italy,2015,99.80954742,11.89999962
Italy,2016,97.74971008,11.68999958
Italy,2017,98.81697845,11.21000004
Italy,2018,97.64672089,10.60999966
Italy,2019,97.63696289,9.949999809
Kazakhstan,2000,93.19255829,12.75
Kazakhstan,2001,95.47870636,10.43000031
Kazakhstan,2002,96.79334259,9.329999924
Kazakhstan,2003,98.02690125,8.779999733
Kazakhstan,2004,104.8648529,8.399999619
Kazakhstan,2005,105.762001,8.130000114
Kazakhstan,2006,101.8485794,7.789999962
Kazakhstan,2007,98.35679626,7.260000229
Kazakhstan,2008,102.4507904,6.630000114
Kazakhstan,2009,104.1133118,6.550000191
Kazakhstan,2010,107.4487915,5.769999981
Kazakhstan,2011,114.1405869,5.389999866
Kazakhstan,2012,107.5192795,5.289999962
Kazakhstan,2013,109.3172607,5.199999809
Kazakhstan,2014,115.1543884,5.059999943
Kazakhstan,2015,114.2725296,4.929999828
Kazakhstan,2016,110.2985764,4.960000038
Kazakhstan,2017,109.6560974,4.900000095
Kazakhstan,2018,110.3839035,4.849999905
Kazakhstan,2019,106.3773499,4.800000191
Kazakhstan,2020,102.0028,4.889999866
Kyrgyz Republic,2000,93.64906311,7.539999962
Kyrgyz Republic,2001,93.55747986,7.840000153
Kyrgyz Republic,2002,93.7224884,12.55000019
Kyrgyz Republic,2003,90.65828705,9.920000076
Kyrgyz Republic,2004,92.86183167,8.529999733
Kyrgyz Republic,2005,97.62499237,8.109999657
Kyrgyz Republic,2006,101.5139771,8.270000458
Kyrgyz Republic,2007,97.08724213,8.100000381
Kyrgyz Republic,2008,95.51502228,8.220000267
Kyrgyz Republic,2009,98.01081085,8.409999847
Kyrgyz Republic,2010,97.05922699,8.640000343
Kyrgyz Republic,2011,95.32794189,8.529999733
Kyrgyz Republic,2012,95.74697876,8.430000305
Kyrgyz Republic,2013,99.34651184,8.329999924
Kyrgyz Republic,2014,102.2726593,8.050000191
Kyrgyz Republic,2015,108.2003632,7.559999943
Kyrgyz Republic,2016,101.7858734,7.210000038
Kyrgyz Republic,2017,101.5568695,6.889999866
Kyrgyz Republic,2018,104.5162888,6.886000156
Kyrgyz Republic,2019,108.6153717,6.918000221
Kyrgyz Republic,2020,108.1418076,8.706000328
Laos,2000,67.38773346,2.062999964
Laos,2001,67.54495239,1.93599999
Laos,2002,67.98867035,1.797000051
Laos,2003,67.47633362,1.656999946
Laos,2004,67.82991791,1.511999965
Laos,2005,70.16239929,1.350000024
Laos,2006,73.94615173,1.190000057
Laos,2007,76.45172119,1.095000029
Laos,2008,78.7592392,0.967999995
Laos,2009,81.76178741,0.851000011
Laos,2010,85.67514038,0.709999979
Laos,2011,91.37177277,0.726999998
Laos,2012,95.03047943,0.736999989
Laos,2013,99.32383728,0.745999992
Laos,2014,100.7859268,0.763000011
Laos,2015,101.0114212,0.777999997
Laos,2016,99.73226929,0.791999996
Laos,2017,101.3968735,0.805000007
Laos,2018,97.89003754,0.827000022
Laos,2019,92.16832733,0.851999998
Laos,2020,89.02874756,1.034000039
Latvia,2000,99.4299469,14.21000004
Latvia,2001,100.4669876,13.81999969
Latvia,2002,99.56717682,13.82999992
Latvia,2003,101.0083084,12.06000042
Latvia,2004,104.9569626,11.71000004
Latvia,2005,102.0033493,10.02999973
Latvia,2006,102.6938782,7.03000021
Latvia,2007,101.6649628,6.050000191
Latvia,2008,102.3786163,7.739999771
Latvia,2009,101.090271,17.51000023
Latvia,2010,102.1927567,19.47999954
Latvia,2011,99.76600647,16.20999908
Latvia,2012,98.53286743,15.05000019
Latvia,2013,99.41632843,11.86999989
Latvia,2014,100.3578415,10.85000038
Latvia,2015,100.0109482,9.869999886
Latvia,2016,98.06009674,9.640000343
Latvia,2017,99.31181335,8.720000267
Latvia,2018,98.3991394,7.409999847
Latvia,2019,98.30753326,6.309999943
Lithuania,2000,101.9031906,15.93000031
Lithuania,2001,102.7206268,16.84000015
Lithuania,2002,102.5675278,13.01000023
Lithuania,2003,101.3667679,12.86999989
Lithuania,2004,103.2576599,10.68000031
Lithuania,2005,102.043541,8.319999695
Lithuania,2006,102.3819885,5.78000021
Lithuania,2007,104.2147064,4.25
Lithuania,2008,98.42682648,5.829999924
Lithuania,2009,99.07627106,13.78999996
Lithuania,2010,99.36398315,17.80999947
Lithuania,2011,99.0966568,15.39000034
Lithuania,2012,101.1034927,13.35999966
Lithuania,2013,101.3880005,11.77000046
Lithuania,2014,100.7501678,10.69999981
Lithuania,2015,100.7350235,9.119999886
Lithuania,2016,101.8899765,7.860000134
Lithuania,2017,102.0011597,7.070000172
Lithuania,2018,104.2855988,6.150000095
Lithuania,2019,104.2602692,6.260000229
Macao,2000,98.33943939,6.869999886
Macao,2001,97.6539917,6.389999866
Macao,2002,96.72071075,6.269999981
Macao,2003,93.08074951,6
Macao,2004,96.53009033,4.900000095
Macao,2005,89.41459656,4.159999847
Macao,2006,94.60597992,3.819999933
Macao,2007,92.86459351,3.269999981
Macao,2008,92.93218994,3
Macao,2009,90.997612,3.579999924
Macao,2010,92.48989868,2.839999914
Macao,2011,93.0426178,2.559999943
Macao,2012,94.08878326,1.970000029
Macao,2013,90.11975861,1.820000052
Macao,2014,93.26970673,1.700000048
Macao,2015,93.86437225,1.809999943
Macao,2016,98.2186203,1.940000057
Macao,2017,100.9514313,1.99000001
Macao,2018,101.0805664,1.830000043
Macao,2019,103.8342209,1.75
Macao,2020,103.1875,2.569999933
Madagascar,2000,36.70574188,5.800000191
Madagascar,2001,36.19731903,5.349999905
Madagascar,2002,36.25741959,5.354000092
Madagascar,2003,40.09122086,5.010000229
Madagascar,2004,45.97764969,3.832999945
Madagascar,2005,58.28878021,2.619999886
Madagascar,2006,57.07947922,2.938999891
Madagascar,2007,61.22325897,3.260999918
Madagascar,2008,67.43195343,3.582000017
Madagascar,2009,73.94528198,3.974999905
Madagascar,2010,70.37521362,4.28000021
Madagascar,2011,70.69732666,2.444000006
Madagascar,2012,69.12863159,0.600000024
Madagascar,2013,67.96189117,0.995000005
Madagascar,2014,68.19869995,1.389999986
Madagascar,2015,68.65421295,1.789999962
Madagascar,2016,67.57843018,1.804999948
Madagascar,2017,67.00713348,1.822999954
Madagascar,2018,65.46877289,1.843000054
Madagascar,2019,63.27682114,1.856999993
Malaysia,2000,100.6689072,3
Malaysia,2002,92.83457947,3.480000019
Malaysia,2003,93.56880188,3.609999895
Malaysia,2004,98.23886108,3.539999962
Malaysia,2005,103.8097229,3.529999971
Malaysia,2006,99.90332794,3.309999943
Malaysia,2007,97.90132904,3.230000019
Malaysia,2008,98.89887238,3.319999933
Malaysia,2009,99.55062103,3.660000086
Malaysia,2010,97.25932312,3.390000105
Malaysia,2011,99.98245239,3.049999952
Malaysia,2012,106.7283707,3.099999905
Malaysia,2013,102.8557663,3.160000086
Malaysia,2014,102.2998505,2.880000114
Malaysia,2015,101.7599869,3.099999905
Malaysia,2016,100.0088196,3.440000057
Malaysia,2017,99.49160004,3.410000086
Malaysia,2018,99.36345673,3.299999952
Malaysia,2019,100.6573563,3.25999999
Malaysia,2020,104.6396713,4.504000187
Malta,2000,106.9921265,6.320000172
Malta,2001,105.8545532,7.110000134
Malta,2002,106.0800934,6.900000095
Malta,2003,103.4425278,7.489999771
Malta,2004,99.96269226,7.320000172
Malta,2005,96.1218338,6.920000076
Malta,2006,100.0193481,6.800000191
Malta,2007,97.9371109,6.46999979
Malta,2008,101.2873764,5.980000019
Malta,2009,95.12615967,6.889999866
Malta,2010,99.79792786,6.849999905
Malta,2011,101.1935425,6.380000114
Malta,2012,94.63768005,6.199999809
Malta,2013,97.98256683,6.110000134
Malta,2014,102.6799393,5.71999979
Malta,2015,100.2057114,5.380000114
Malta,2016,101.8052368,4.690000057
Malta,2017,101.9341888,4
Malta,2018,103.5776367,3.660000086
Malta,2019,108.3026276,3.619999886
Mauritius,2000,102.7939835,9.177000046
Mauritius,2001,101.8895569,9.140000343
Mauritius,2002,98.33799744,8.199999809
Mauritius,2003,99.16805267,8.248999596
Mauritius,2004,96.03674316,8.340000153
Mauritius,2005,97.4879303,9.520000458
Mauritius,2006,95.00874329,9.039999962
Mauritius,2007,97.42125702,8.479999542
Mauritius,2008,97.06259918,7.170000076
Mauritius,2009,94.79415131,7.260000229
Mauritius,2010,99.26860809,7.650000095
Mauritius,2011,98.42845154,7.449999809
Mauritius,2012,95.62267303,7.46999979
Mauritius,2013,97.34062195,7.320000172
Mauritius,2014,96.91483307,7.46999979
Mauritius,2015,100.4805603,7.409999847
Mauritius,2016,101.0686569,6.809999943
Mauritius,2017,98.20008087,6.75
Mauritius,2018,100.7911835,6.429999828
Mauritius,2019,98.51373291,6.329999924
Mauritius,2020,96.37744141,7.407000065
Mexico,2000,96.64557648,2.650000095
Mexico,2001,97.43399811,2.630000114
Mexico,2002,99.04663086,3
Mexico,2003,98.93366241,3.460000038
Mexico,2004,100.2950287,3.940000057
Mexico,2005,100.5736389,3.559999943
Mexico,2006,100.8881989,3.569999933
Mexico,2007,101.9606934,3.630000114
Mexico,2008,101.2903595,3.869999886
Mexico,2009,99.8245163,5.360000134
Mexico,2010,100.2393875,5.300000191
Mexico,2011,100.1975327,5.170000076
Mexico,2012,106.0110092,4.889999866
Mexico,2013,109.4250412,4.909999847
Mexico,2014,110.5088425,4.809999943
Mexico,2015,104.9098206,4.309999943
Mexico,2016,103.9693909,3.859999895
Mexico,2017,104.0978394,3.420000076
Mexico,2018,102.2558899,3.279999971
Mexico,2019,102.465538,3.480000019
Morocco,2000,58.70890045,13.57999992
Morocco,2001,60.2166481,12.46000004
Morocco,2002,62.47660065,11.59000015
Morocco,2003,66.78034973,11.92000008
Morocco,2004,74.24163818,10.82999992
Morocco,2005,78.79193115,11.01000023
Morocco,2006,82.50327301,9.670000076
Morocco,2007,83.03486633,9.56000042
Morocco,2008,81.70568085,9.569999695
Morocco,2009,81.34088898,8.960000038
Morocco,2010,85.32665253,9.090000153
Morocco,2011,89.36157227,8.909999847
Morocco,2012,98.01963043,8.989999771
Morocco,2013,96.02310181,9.229999542
Morocco,2014,96.30815887,9.699999809
Morocco,2015,96.25771332,9.460000038
Morocco,2016,95.04203796,9.300000191
Morocco,2017,92.92952728,9.241999626
Morocco,2018,93.59745789,9.265000343
Morocco,2019,97.13572693,9.279999733
Morocco,2020,100.0881195,11.45400047
Mozambique,2000,16.57522964,2.852999926
Mozambique,2001,19.36938095,2.842999935
Mozambique,2002,22.77030945,2.89199996
Mozambique,2004,29.84896088,2.971999884
Mozambique,2005,41.82891846,3.015000105
Mozambique,2006,41.26380157,3.039000034
Mozambique,2007,45.44189835,3.085000038
Mozambique,2008,58.13262939,3.128999949
Mozambique,2009,55.26905823,3.174999952
Mozambique,2010,58.99485016,3.217000008
Mozambique,2011,54.87825012,3.255000114
Mozambique,2012,52.04405975,3.298000097
Mozambique,2013,49.54563141,3.342000008
Mozambique,2014,48.80899811,3.382999897
Mozambique,2015,48.95317841,3.430000067
Mozambique,2017,47.14291,3.450999975
Mozambique,2018,51.98764038,3.45600009
Mozambique,2019,54.7286911,3.46600008
Mozambique,2020,58.184021,3.809999943
Niger,2000,18.37958908,1.49000001
Niger,2001,19.40044022,1.470000029
Niger,2002,21.11149979,1.889999986
Niger,2003,20.4672699,2.319000006
Niger,2004,26.61951065,2.747999907
Niger,2005,29.39775085,3.099999905
Niger,2006,32.20075989,2.648999929
Niger,2007,38.88185883,2.203000069
Niger,2008,37.40855026,1.710000038
Niger,2009,39.65544128,1.26699996
Niger,2010,39.68682098,0.778999984
Niger,2011,44.36259079,0.319999993
Niger,2012,47.7938118,2.180000067
Niger,2013,47.71931076,1.368999958
Niger,2014,57.60813904,0.519999981
Niger,2015,68.10016632,0.529999971
Niger,2016,71.62693787,0.533999979
Niger,2019,62.26213837,0.55400002
Niger,2020,51.19453812,0.624000013
Norway,2000,97.92279053,3.460000038
Norway,2001,101.5475082,3.74000001
Norway,2002,102.7123566,4.019999981
Norway,2003,103.5053329,4.21999979
Norway,2004,102.603241,4.260000229
Norway,2005,100.0577927,4.380000114
Norway,2006,97.57623291,3.400000095
Norway,2007,97.81199646,2.49000001
Norway,2008,99.15969086,2.549999952
Norway,2009,101.2614212,3.099999905
Norway,2010,99.36022186,3.519999981
Norway,2011,97.66902161,3.210000038
Norway,2012,99.76106262,3.119999886
Norway,2013,101.0449219,3.420000076
Norway,2014,98.25798798,3.480000019
Norway,2015,97.96967316,4.300000191
Norway,2016,100.8554306,4.679999828
Norway,2017,101.0350189,4.159999847
Norway,2018,99.123909,3.799999952
Norway,2019,100.5062485,3.690000057
Peru,2000,96.83503723,4.883999825
Peru,2001,92.93534851,5.026000023
Peru,2002,92.84632111,4.840000153
Peru,2003,97.46295929,4.150000095
Peru,2004,97.17108154,4.699999809
Peru,2005,97.35832977,4.880000114
Peru,2006,99.45909119,4.179999828
Peru,2007,102.4487686,4.039999962
Peru,2008,101.9316483,4.039999962
Peru,2009,99.36102295,3.980000019
Peru,2010,101.1632385,3.579999924
Peru,2011,99.37333679,3.480000019
Peru,2012,94.78259277,3.24000001
Peru,2013,96.84059906,3.569999933
Peru,2014,97.86360168,3.210000038
Peru,2015,100.4050598,3.269999981
Peru,2016,104.5288696,3.74000001
Peru,2017,97.44566345,3.690000057
Peru,2018,96.10073853,3.49000001
Peru,2019,98.7053299,3.380000114
Poland,2000,95.68995667,16.30999947
Poland,2001,97.52599335,18.37000084
Poland,2002,97.12104797,19.88999939
Poland,2003,97.93739319,19.37000084
Poland,2004,98.0164032,19.06999969
Poland,2005,94.62142944,17.75
Poland,2006,93.37822723,13.84000015
Poland,2007,93.11898804,9.600000381
Poland,2009,92.85269165,8.170000076
Poland,2010,93.47019196,9.640000343
Poland,2011,93.63150024,9.630000114
Poland,2012,94.65113068,10.09000015
Poland,2013,96.64031982,10.32999992
Poland,2014,96.91201782,8.989999771
Poland,2015,100.0444031,7.5
Poland,2016,101.7503586,6.159999847
Poland,2017,106.2426987,4.889999866
Poland,2018,94.33351898,3.849999905
Poland,2019,95.02263641,3.279999971
Samoa,2000,94.04708862,4.664000034
Samoa,2001,92.20979309,4.960000038
Samoa,2002,96.77629089,5.096000195
Samoa,2003,100.1923523,5.156000137
Samoa,2004,98.35681152,5.217000008
Samoa,2005,105.6754379,5.294000149
Samoa,2006,105.6587296,5.421999931
Samoa,2007,110.3516464,5.360000134
Samoa,2009,104.4812393,5.828000069
Samoa,2010,106.4866104,5.728000164
Samoa,2011,105.8823471,5.679999828
Samoa,2012,106.2442627,8.75
Samoa,2013,110.5581436,8.666999817
Samoa,2014,107.5236588,8.720000267
Samoa,2015,110.3240204,8.501000404
Samoa,2016,110.7065506,8.30700016
Samoa,2017,107.0685577,8.578000069
Samoa,2018,104.7818832,8.68599987
Samoa,2019,108.8711395,8.406000137
Samoa,2020,111.3558578,9.149000168
Slovak Republic,2000,96.26741791,19.05999947
Slovak Republic,2001,100.1305237,19.37999916
Slovak Republic,2002,97.50543976,18.71999931
Slovak Republic,2003,98.38574982,17.12000084
Slovak Republic,2004,96.92295074,18.60000038
Slovak Republic,2005,92.67681122,16.26000023
Slovak Republic,2006,93.22329712,13.36999989
Slovak Republic,2007,95.03366852,11.14000034
Slovak Republic,2008,97.41287994,9.510000229
Slovak Republic,2009,99.14994049,12.02999973
Slovak Republic,2010,99.06211853,14.38000011
Slovak Republic,2011,96.09583282,13.61999989
Slovak Republic,2012,93.18823242,13.96000004
Slovak Republic,2013,94.59078217,14.22000027
Slovak Republic,2014,96.30828857,13.18000031
Slovak Republic,2015,95.96457672,11.47999954
Slovak Republic,2016,92.44306183,9.670000076
Slovak Republic,2017,91.90563202,8.130000114
Slovak Republic,2018,92.17269135,6.539999962
Slovak Republic,2019,95.22947693,5.75
South Korea,2000,103.2269821,4.059999943
South Korea,2001,99.65302277,3.700000048
South Korea,2002,94.81356049,3.049999952
South Korea,2003,100.8678513,3.349999905
South Korea,2004,99.6764679,3.420000076
South Korea,2005,97.84371185,3.480000019
South Korea,2006,99.13932037,3.25
South Korea,2007,101.0923386,3.00999999
South Korea,2008,100.1076965,2.960000038
South Korea,2009,101.6233521,3.359999895
South Korea,2010,101.1586685,3.319999933
South Korea,2011,102.9780807,2.99000001
South Korea,2012,109.6997681,2.809999943
South Korea,2013,103.1858978,2.75
South Korea,2014,96.15531921,3.079999924
South Korea,2015,101.4107971,3.549999952
South Korea,2016,98.01557159,3.650000095
South Korea,2017,91.3551178,3.650000095
South Korea,2018,95.37677002,3.819999933
South Korea,2019,105.2397308,3.75
Sweden,2000,99.55304718,5.46999979
Sweden,2001,102.261673,4.730000019
Sweden,2002,102.5924072,4.96999979
Sweden,2003,106.4890137,5.550000191
Sweden,2004,104.0877838,6.690000057
Sweden,2005,100.1336136,7.489999771
Sweden,2006,95.60118866,7.070000172
Sweden,2007,95.09410858,6.159999847
Sweden,2008,94.29090118,6.230000019
Sweden,2009,93.21914673,8.350000381
Sweden,2010,96.71507263,8.609999657
Sweden,2011,101.3979416,7.800000191
Sweden,2012,102.6794815,7.980000019
Sweden,2013,102.461853,8.050000191
Sweden,2014,101.0252991,7.949999809
Sweden,2015,103.7717667,7.429999828
Sweden,2016,105.2293091,6.989999771
Sweden,2017,105.3862762,6.71999979
Sweden,2018,104.1240463,6.360000134
Sweden,2019,105.0860825,6.829999924
Switzerland,2000,96.67292786,2.670000076
Switzerland,2001,98.05579376,2.49000001
Switzerland,2002,98.2871933,2.920000076
Switzerland,2003,98.48660278,4.119999886
Switzerland,2004,99.44709015,4.320000172
Switzerland,2005,96.96640778,4.440000057
Switzerland,2006,93.9294281,4
Switzerland,2007,93.3588028,3.650000095
Switzerland,2008,94.40711212,3.349999905
Switzerland,2009,96.10912323,4.119999886
Switzerland,2010,96.19563293,4.800000191
Switzerland,2011,96.65714264,4.400000095
Switzerland,2012,97.4105072,4.480000019
Switzerland,2013,96.85575104,4.75
Switzerland,2014,95.57646179,4.829999924
Switzerland,2015,95.77346802,4.800000191
Switzerland,2016,96.82687378,4.920000076
Switzerland,2017,97.15868378,4.800000191
Switzerland,2018,96.21008301,4.710000038
Switzerland,2019,96.36173248,4.389999866
Tanzania,2000,50.53853989,3.062999964
Tanzania,2001,55.86848068,2.99000001
Tanzania,2002,59.81444168,3.039999962
Tanzania,2004,58.16949081,3.161999941
Tanzania,2005,54.89395142,3.226000071
Tanzania,2006,71.94429779,3.299999952
Tanzania,2007,82.71264648,3.029999971
Tanzania,2009,103.6184464,2.5
Tanzania,2010,91.04519653,2.986000061
Tanzania,2011,95.03222656,3.470000029
Tanzania,2012,82.11129761,3.227999926
Tanzania,2013,76.7352066,2.930000067
Tanzania,2014,69.87106323,2.119999886
Tanzania,2015,65.14202881,2.142999887
Tanzania,2016,61.57209015,2.157999992
Tanzania,2017,68.09828949,2.177000046
Tanzania,2018,68.70372772,2.20600009
Tanzania,2019,65.74707031,2.221999884
Tanzania,2020,68.73860931,2.528000116
The Gambia,2000,66.12757874,9.083000183
The Gambia,2001,65.97637177,9.109999657
The Gambia,2002,63.36499023,9.217000008
The Gambia,2003,65.8316803,9.161000252
The Gambia,2004,64.35018921,9.18599987
The Gambia,2005,61.29161835,9.293000221
The Gambia,2006,59.51028824,9.303999901
The Gambia,2007,66.33712769,9.300999641
The Gambia,2008,72.35038757,9.300000191
The Gambia,2010,67.10289001,9.357999802
The Gambia,2011,63.97330856,9.508999825
The Gambia,2012,65.6831131,9.420000076
The Gambia,2013,66.41799927,9.453000069
The Gambia,2014,66.99941254,9.503000259
The Gambia,2015,67.47250366,9.467000008
The Gambia,2016,69.27261353,9.498000145
The Gambia,2017,72.04599762,9.484999657
The Gambia,2018,74.71024323,9.475999832
The Gambia,2019,78.94251251,9.498000145
The Gambia,2020,82.26425171,11.08100033
Uruguay,2000,97.31546021,12.63000011
Uruguay,2001,95.36992645,15.05000019
Uruguay,2002,94.87438202,16.64999962
Uruguay,2003,91.78016663,16.65999985
Uruguay,2004,92.22673798,12.97999954
Uruguay,2005,95.43369293,12.01000023
Uruguay,2006,99.69513702,10.84000015
Uruguay,2007,104.3697433,9.399999619
Uruguay,2008,106.7787933,8.029999733
Uruguay,2009,106.3130493,7.739999771
Uruguay,2010,104.8093033,7.159999847
Uruguay,2011,103.7869568,6.309999943
Uruguay,2012,102.6577377,6.449999809
Uruguay,2013,103.4294891,6.440000057
Uruguay,2014,103.9037018,6.550000191
Uruguay,2015,103.5109863,7.489999771
Uruguay,2016,104.6961899,7.840000153
Uruguay,2017,98.69988251,7.889999866
Uruguay,2018,103.2246475,8.340000153
Uzbekistan,2000,95.76960754,12.22700024
Uzbekistan,2001,100.6883163,11.20499992
Uzbekistan,2002,102.2615891,10.14500046
Uzbekistan,2003,96.66867828,9.107000351
Uzbekistan,2004,94.9282608,8.194000244
Uzbekistan,2005,96.71703339,7.092999935
Uzbekistan,2006,98.63932037,6.02699995
Uzbekistan,2007,96.6079483,4.989999771
Uzbekistan,2008,95.21112061,4.889999866
Uzbekistan,2009,92.27764893,5
Uzbekistan,2010,91.94624329,5.400000095
Uzbekistan,2011,92.55310059,5
Uzbekistan,2012,92.95034027,4.900000095
Uzbekistan,2013,96.60858917,4.900000095
Uzbekistan,2014,96.30272675,5.099999905
Uzbekistan,2015,98.24262238,5.199999809
Uzbekistan,2016,96.8192215,5.199999809
Uzbekistan,2017,98.40358734,5.800000191
Uzbekistan,2018,103.0236282,5.835000038
Uzbekistan,2019,105.6226883,5.849999905
Uzbekistan,2020,105.9979782,7.040999889
West Bank and Gaza,2000,94.14679718,10.63000011
West Bank and Gaza,2001,95.70796204,21.48999977
West Bank and Gaza,2002,92.85392761,27.45999908
West Bank and Gaza,2003,97.40048981,23
West Bank and Gaza,2004,90.43264008,23.20999908
West Bank and Gaza,2005,92.98548126,20.02000046
West Bank and Gaza,2007,86.13907623,18.28000069
West Bank and Gaza,2008,87.79605103,22.90999985
West Bank and Gaza,2009,89.84792328,20.45000076
West Bank and Gaza,2010,95.00283813,21.42000008
West Bank and Gaza,2011,91.79595184,17.60000038
West Bank and Gaza,2012,92.23401642,19.20000076
West Bank and Gaza,2013,96.0062027,19.88999939
West Bank and Gaza,2014,100.0549698,20.53000069
West Bank and Gaza,2015,99.07182312,23
West Bank and Gaza,2016,97.05693054,23.94000053
West Bank and Gaza,2017,99.82543945,25.68000031
West Bank and Gaza,2018,96.85253906,26.26000023
West Bank and Gaza,2019,96.32247925,25.34000015
West Bank and Gaza,2020,101.6411972,25.88999939
