Country ,Year,unemployment_rate,pri_completion_rate,Pop_0_14,Continent,,"Progression to secondary school, female (%)","Progression to secondary school, male (%)"
Algeria,2000,29.77000046,80.16638947,34.36271905,Africa,,94.1204,92.46102
Algeria,2001,27.29999924,86.29779053,33.16044182,Africa,,94.82403,94.1413
Algeria,2002,25.89999962,88.08229828,32.04690337,Africa,,94.73648,94.2151
Algeria,2003,23.71999931,89.7199173,31.01276131,Africa,,94.28978,93.32703
Algeria,2004,17.64999962,91.32530212,30.0538909,Africa,,94.2989,93.21081
Algeria,2005,15.27000046,93.07539368,29.19274682,Africa,,93.12243,91.5552
Algeria,2006,12.27000046,83.62890625,28.51717972,Africa,,93.97279,92.55681
Algeria,2007,13.78999996,94.39851379,27.99564445,Africa,,95.98997,97.14276
Algeria,2008,11.32999992,112.9766464,27.62355326,Africa,,,
Algeria,2009,10.15999985,91.88226318,27.38898396,Africa,,97.79176,100
Algeria,2010,9.960000038,95.61699677,27.28278029,Africa,,97.06229,100
Algeria,2011,9.960000038,97.63629913,27.47314788,Africa,,95.32419,100
Algeria,2012,10.97000027,101.5528793,27.66859366,Africa,,96.95983,100
Algeria,2013,9.819999695,106.0316772,27.91685336,Africa,,98.7568,100
Algeria,2014,10.21000004,108.3915787,28.26428182,Africa,,97.96364,100
Algeria,2015,11.21000004,105.5467224,28.70751818,Africa,,97.81033,100
Algeria,2016,10.19999981,105.5900497,29.1344524,Africa,,,
Algeria,2017,10.33300018,105.6367111,29.63959018,Africa,,98.3805,100
Argentina,2000,15,97.34647369,28.4621942,South America,,100,95.43516
Argentina,2001,17.31999969,96.8216629,28.19793736,South America,,99.56317,95.26872
Argentina,2002,19.59000015,100.515831,27.97135292,South America,,98.97367,94.11092
Argentina,2003,15.35999966,98.16793823,27.75956375,South America,,100,93.48618
Argentina,2004,13.52000046,96.57994843,27.53323732,South America,,100,91.83626
Argentina,2005,11.51000023,94.64183044,27.28001137,South America,,100,90.90037
Argentina,2006,10.07999992,97.10247803,27.06570125,South America,,100,90.08647
Argentina,2007,8.470000267,99.86782074,26.80488843,South America,,100,90.47356
Argentina,2008,7.840000153,103.1421738,26.52233175,South America,,100,90.79982
Argentina,2009,8.649999619,103.3038712,26.25896961,South America,,100,91.91828
Argentina,2010,7.710000038,103.5674133,26.03595845,South America,,100,92.51746
Argentina,2011,7.179999828,103.8877106,25.82226982,South America,,100,93.38344
Argentina,2012,7.21999979,103.3522491,25.6518566,South America,,100,93.82696
Argentina,2013,7.099999905,101.6450119,25.50996622,South America,,100,94.75433
Argentina,2014,7.269999981,103.1064377,25.36812949,South America,,100,94.93167
Argentina,2015,7.520999908,102.9737396,25.21116453,South America,,100,98.99978
Argentina,2016,8.111000061,103.8935699,25.07945581,South America,,99.69746,100
Argentina,2017,8.350000381,99.96276093,24.92677038,South America,,,
Azerbaijan,2000,11.77999973,89.51351166,31.14772464,Asia,,96.99131,99.43027
Azerbaijan,2001,10.90999985,95.1685791,30.1764801,Asia,,97.27987,99.19159
Azerbaijan,2002,10.03999996,97.58601379,29.20711832,Asia,,97.64424,98.52884
Azerbaijan,2003,9.170000076,92.69615173,28.22689604,Asia,,99.424,99.06929
Azerbaijan,2004,7.989999771,95.59542847,27.22867444,Asia,,98.84785,99.65454
Azerbaijan,2005,7.260000229,93.43061829,26.22948362,Asia,,98.06025,100
Azerbaijan,2006,6.619999886,91.6054306,25.42782011,Asia,,99.43002,98.77321
Azerbaijan,2007,6.329999924,98.13037109,24.62069202,Asia,,99.11716,100
Azerbaijan,2008,5.860000134,90.73683167,23.86859344,Asia,,98.47679,99.81759
Azerbaijan,2009,5.739999771,91.77172089,23.25845761,Asia,,98.73429,98.3953
Azerbaijan,2010,5.630000114,89.51445007,22.83533801,Asia,,98.22198,99.15753
Azerbaijan,2011,5.420000076,92.80683136,22.60502773,Asia,,99.68311,98.48709
Azerbaijan,2012,5.190000057,91.99118805,22.54747379,Asia,,98.04272,100
Azerbaijan,2013,4.96999979,88.08940887,22.62737458,Asia,,100,98.29169
Azerbaijan,2014,4.909999847,98.12570953,22.7566802,Asia,,98.80717,100
Azerbaijan,2015,4.960000038,103.2802124,22.8738889,Asia,,99.07956,99.7006
Azerbaijan,2016,5,111.3019104,23.13733618,Asia,,100,95.48102
Azerbaijan,2017,5,107.1721725,23.28766358,Asia,,98.35605,100
Belarus,2000,12.26200008,102.3249207,18.52567032,Europe,,99.76423,100
Belarus,2001,11.5539999,106.7331085,17.90318223,Europe,,100,99.12654
Belarus,2002,10.90699959,132.6765747,17.25041333,Europe,,99.79071,100
Belarus,2003,10.32400036,103.1890793,16.60702525,Europe,,97.47053,100
Belarus,2004,9.819999695,102.7190704,16.04286905,Europe,,100,99.18664
Belarus,2005,9.062999725,98.86844635,15.59807858,Europe,,99.961,99.39026
Belarus,2006,8.399999619,97.65106964,15.29205518,Europe,,99.87063,100
Belarus,2007,7.672999859,96.30975342,15.06125986,Europe,,100,97.49492
Belarus,2008,7.032000065,99.11292267,14.91952431,Europe,,,
Belarus,2009,6.099999905,105.8452225,14.86501013,Europe,,,
Belarus,2010,6.252999783,106.9727173,14.89571655,Europe,,97.24498,99.60756
Belarus,2011,6.165999889,107.9056778,15.0666467,Europe,,98.84643,98.16132
Belarus,2012,6.051000118,104.0764618,15.31161683,Europe,,98.64231,97.60368
Belarus,2013,6.006000042,100.2649384,15.61410371,Europe,,98.44005,98.18751
Belarus,2014,5.993999958,98.66790771,15.93958058,Europe,,98.76852,98.02455
Belarus,2015,5.840000153,96.76220703,16.26355763,Europe,,98.25375,97.91476
Belarus,2016,5.840000153,96.86775208,16.51414308,Europe,,98.44134,97.60337
Belarus,2017,5.650000095,101.6810074,16.70788788,Europe,,98.70679,97.64418
Belize,2000,10.85099983,100.0501328,40.7415644,North America,,95.2414,93.63785
Belize,2001,9.069999695,100.8180923,40.41628931,North America,,,
Belize,2003,10.23999977,97.24398041,39.74167208,North America,,96.50155,94.22236
Belize,2004,10.58699989,97.65119934,39.34301131,North America,,96.0831,100
Belize,2005,10.90999985,98.44107819,38.90239605,North America,,94.1349,92.93015
Belize,2006,9.390000343,97.4540863,38.25983682,North America,,95.71803,94.17314
Belize,2007,8.510000229,98.99469757,37.6058858,North America,,96.50725,96.25312
Belize,2008,8.180000305,94.9059906,36.94442724,North America,,96.51908,96.26142
Belize,2009,8.25,99.68441772,36.27909933,North America,,97.55081,94.96021
Belize,2010,8.241999626,100.7418976,35.61265754,North America,,98.11879,96.89039
Belize,2011,8.284000397,103.9519577,34.87828438,North America,,97.76474,100
Belize,2012,8.305999756,108.0577164,34.18786982,North America,,95.30847,95.21656
Belize,2013,8.350000381,101.6987762,33.5105506,North America,,98.52204,97.28208
Belize,2014,8.239999771,102.061203,32.816117,North America,,95.42334,97.25356
Belize,2015,7.579999924,104.2317963,32.10263401,North America,,97.79266,95.8042
Belize,2016,7,105.3376236,31.52361564,North America,,96.98988,93.49257
Belize,2017,6.599999905,102.6097107,30.90356043,North America,,97.27735,97.43146
Bhutan,2000,1.593000054,51.06835175,39.81330613,Asia,,94.74282,92.46641
Bhutan,2001,1.899999976,51.48445892,38.96610563,Asia,,,
Bhutan,2004,2.49000001,60.1642189,36.0844689,Asia,,,
Bhutan,2005,3.099999905,66.09851837,35.08082603,Asia,,97.61769,95.55022
Bhutan,2006,3.130000114,71.05857086,34.29579714,Asia,,,
Bhutan,2007,3.700000048,72.63404083,33.5107599,Asia,,,
Bhutan,2008,3.654999971,78.43048859,32.72732958,Asia,,100,96.2521
Bhutan,2009,3.960000038,80.84539795,31.94672744,Asia,,99.54822,97.62376
Bhutan,2010,3.319999933,87.29344177,31.17258422,Asia,,100,99.15912
Bhutan,2011,3.230000019,89.07044983,30.35390265,Asia,,100,97.72891
Bhutan,2012,2.049999952,98.97335052,29.54028116,Asia,,96.9166,95.64067
Bhutan,2013,2.869999886,96.63999176,28.75490857,Asia,,100,98.00137
Bhutan,2014,2.630000114,96.23844147,28.02831494,Asia,,,
Bhutan,2015,2.450000048,96.58896637,27.37883925,Asia,,,
Bhutan,2016,2.493000031,100.6621628,26.74261716,Asia,,100,99.12811
Bhutan,2017,2.453000069,100,26.21938052,Asia,,,
Brunei ,2000,5.677999973,114.790947,30.65688173,Asia,,,
Brunei ,2001,5.784999847,121.6579514,30.11610604,Asia,,,
Brunei ,2002,5.940999985,117.5329514,29.51248911,Asia,,93.43503,87.36521
Brunei ,2003,6.012000084,119.9912262,28.93151011,Asia,,98.07263,97.72262
Brunei ,2004,6.020999908,111.2814636,28.38331483,Asia,,97.45188,96.56265
Brunei ,2005,6.125,107.3593063,27.83103359,Asia,,98.85638,99.89629
Brunei ,2006,6.409999847,107.6546783,27.50180277,Asia,,98.32529,100
Brunei ,2007,6.333000183,107.4296265,27.08706146,Asia,,99.44969,99.85816
Brunei ,2008,6.348999977,105.2743225,26.66194017,Asia,,98.94933,100
Brunei ,2009,6.465000153,101.9063568,26.2837778,Asia,,100,99.28104
Brunei ,2010,6.774000168,105.3538895,25.95909903,Asia,,99.88525,100
Brunei ,2011,6.940999985,110.9769974,25.46813721,Asia,,100,99.24229
Brunei ,2012,6.915999889,107.0699768,25.10244643,Asia,,99.46041,100
Brunei ,2013,6.880000114,106.1239319,24.80138272,Asia,,99.97168,99.49669
Brunei ,2014,6.96999979,100.1175385,24.47671737,Asia,,98.73491,100
Brunei ,2015,7.784999847,102.1722794,24.0887717,Asia,,,
Brunei ,2016,8.383000374,107.3572388,23.88351596,Asia,,99.45722,100
Brunei ,2017,9.319999695,107.4272232,23.49595852,Asia,,99.58777,100
Bulgaria,2000,16.21999931,96.15943146,15.65998667,Europe,,98.99823,99.65849
Bulgaria,2001,19.92000008,101.7548599,15.17425378,Europe,,97.94378,98.59813
Bulgaria,2002,18.11000061,96.5668869,14.72369451,Europe,,97.46927,98.93118
Bulgaria,2003,13.72999954,97.79255676,14.30413084,Europe,,97.94942,98.61659
Bulgaria,2004,12.03999996,98.64273071,13.92880901,Europe,,98.31812,98.35313
Bulgaria,2005,10.07999992,98.65926361,13.61635455,Europe,,98.21806,98.43347
Bulgaria,2006,8.949999809,99.3508606,13.51216588,Europe,,97.59649,97.8375
Bulgaria,2007,6.880000114,101.33284,13.4361762,Europe,,97.21578,97.40366
Bulgaria,2008,5.610000134,95.15364838,13.40619799,Europe,,97.49794,98.3046
Bulgaria,2009,6.820000172,101.7043991,13.42906609,Europe,,98.39176,99.19524
Bulgaria,2010,10.27999973,113.3395615,13.49632216,Europe,,98.27196,99.04596
Bulgaria,2011,11.26000023,110.2010422,13.66294647,Europe,,98.809,99.28449
Bulgaria,2012,12.27000046,101.8105621,13.8016033,Europe,,98.775,99.78383
Bulgaria,2013,12.93999958,98.95879364,13.93722545,Europe,,99.17181,100
Bulgaria,2014,11.42000008,97.95253754,14.09382959,Europe,,99.02164,99.47173
Bulgaria,2015,9.140000343,96.19129181,14.27373568,Europe,,98.48609,98.90545
Bulgaria,2016,7.570000172,92.04534149,14.31638323,Europe,,98.84133,99.79367
Bulgaria,2017,6.159999847,89.81646729,14.44473198,Europe,,,
Burkina Faso,2000,2.605000019,25.42222023,46.76984947,Africa,,61.58661,62.19793
Burkina Faso,2001,2.648000002,26.67761993,46.78328351,Africa,,,
Burkina Faso,2002,2.730000019,27.48546982,46.7524953,Africa,,60.21899,61.92542
Burkina Faso,2003,2.779999971,29.11165047,46.68822559,Africa,,,
Burkina Faso,2004,3.414999962,30.42653084,46.60019067,Africa,,65.29883,67.94847
Burkina Faso,2005,4,31.7365799,46.49593613,Africa,,65.24186,65.53328
Burkina Faso,2006,3.654999971,32.80561829,46.51223616,Africa,,66.03442,67.58143
Burkina Faso,2007,3.299999952,34.97426987,46.4888313,Africa,,72.82324,74.22284
Burkina Faso,2008,3.413000107,38.86925888,46.43229877,Africa,,71.6955,74.28429
Burkina Faso,2009,3.559000015,43.91450882,46.34360071,Africa,,73.35619,76.08282
Burkina Faso,2010,3.644999981,47.05522156,46.22335595,Africa,,,
Burkina Faso,2011,3.785000086,53.66107178,46.18208667,Africa,,71.16483,72.85261
Burkina Faso,2012,3.913000107,57.36603165,46.08178392,Africa,,67.28668,69.01551
Burkina Faso,2013,4.046999931,62.34405136,45.93838088,Africa,,66.74549,70.64561
Burkina Faso,2014,4.188000202,60.84949875,45.76723684,Africa,,75.86897,77.24833
Burkina Faso,2015,4.321000099,62.02980042,45.57394047,Africa,,76.91814,78.19348
Burkina Faso,2016,4.434000015,61.72433853,45.38764328,Africa,,75.15855,76.97813
Burkina Faso,2017,4.563000202,63.51921844,45.18153116,Africa,,79.47294,80.78387
Burundi,2000,1.590000033,24.35050011,50.07194847,Africa,,,
Burundi,2001,1.587000012,24.78704071,49.4346909,Africa,,,
Burundi,2002,1.585999966,25.1833992,48.79204751,Africa,,,
Burundi,2003,1.613000035,29.58313942,48.15962996,Africa,,63.82248,58.7109
Burundi,2004,1.598999977,31.79199982,47.54960708,Africa,,55.49483,60.11612
Burundi,2005,1.620000005,33.94643021,46.97794745,Africa,,,
Burundi,2007,1.626999974,38.66096115,46.07549477,Africa,,63.39477,68.3193
Burundi,2008,1.629999995,41.65348816,45.67718938,Africa,,64.38854,61.27401
Burundi,2009,1.623000026,48.35905838,45.36129554,Africa,,63.43387,75.68155
Burundi,2010,1.60800004,51.54841995,45.14031418,Africa,,66.65397,75.23576
Burundi,2011,1.601999998,56.37577057,45.17256753,Africa,,66.33929,72.30065
Burundi,2012,1.590000033,62.99792099,45.24448874,Africa,,72.56525,78.77966
Burundi,2013,1.577999949,70.719841,45.34424579,Africa,,74.84095,79.86859
Burundi,2014,1.570000052,69.56655884,45.44368268,Africa,,77.63964,81.87925
Burundi,2015,1.600000024,64.53968048,45.52068252,Africa,,85.63046,88.15592
Burundi,2016,1.590000033,67.67450714,45.56173987,Africa,,76.95371,75.53529
Burundi,2017,1.588999987,68.37870026,45.55549408,Africa,,76.97064,75.50361
Cabo Verde,2000,10.9829998,105.9931488,42.96337123,Africa,,,
Cabo Verde,2001,11.00800037,98.75489044,41.91352485,Africa,,89.98196,85.47683
Cabo Verde,2002,10.96000004,98.8344574,40.90971688,Africa,,90.01254,85.42889
Cabo Verde,2003,10.93099976,98.88220215,39.89620608,Africa,,90.5925,87.02265
Cabo Verde,2004,10.86699963,96.17209625,38.80954936,Africa,,96.75762,90.71232
Cabo Verde,2005,10.84599972,81.75216675,37.63865132,Africa,,100,97.80142
Cabo Verde,2006,10.80300045,94.72467804,36.55711149,Africa,,94.45872,91.05497
Cabo Verde,2007,10.72999954,91.7592392,35.40857997,Africa,,95.03225,93.4974
Cabo Verde,2008,10.72999954,99.71652222,34.25220759,Africa,,95.07266,91.77844
Cabo Verde,2009,10.72500038,96.83358765,33.19943042,Africa,,98.69423,94.18288
Cabo Verde,2010,10.67000008,101.1008224,32.31375367,Africa,,100,95.68575
Cabo Verde,2011,10.88300037,96.2914505,31.57898957,Africa,,100,94.40197
Cabo Verde,2012,11.12100029,97.75907898,31.03486496,Africa,,98.09767,94.06715
Cabo Verde,2013,11.34799957,92.35906219,30.63578167,Africa,,97.43485,95.24385
Cabo Verde,2014,11.57499981,94.72225189,30.29052368,Africa,,99.39809,97.09504
Cabo Verde,2015,11.80000019,95.21536255,29.94037081,Africa,,98.88257,96.43001
Cabo Verde,2016,12.00800037,91.0370636,29.57793149,Africa,,100,98.89891
Cabo Verde,2017,12.23999977,87.40142059,29.18317836,Africa,,94.63132,94.18946
Cambodia,2001,1.032999992,51.28442001,40.33883448,Asia,,80.07786,88.77677
Cambodia,2002,1.097000003,59.91038132,39.33321237,Asia,,80.69114,88.22939
Cambodia,2003,1.113999963,66.62339783,38.53644357,Asia,,81.70317,87.3919
Cambodia,2004,1.129999995,77.6314621,37.81617666,Asia,,81.98389,86.54449
Cambodia,2005,1.131000042,86.93856812,37.06608744,Asia,,81.4024,85.38391
Cambodia,2006,1.208999991,89.38886261,36.24184199,Asia,,79.6045,83.45154
Cambodia,2007,1.25999999,90.73403168,35.42926508,Asia,,80.47318,82.36598
Cambodia,2008,0.819999993,85.92165375,34.63281828,Asia,,,
Cambodia,2009,0.579999983,83.28926849,33.91597352,Asia,,82.83418,82.3754
Cambodia,2010,0.769999981,85.17900085,33.32660248,Asia,,82.41039,81.34632
Cambodia,2011,0.579999983,87.46833801,32.92083588,Asia,,82.05772,80.03111
Cambodia,2012,0.50999999,93.19101715,32.49576096,Asia,,81.30876,79.143
Cambodia,2013,0.439999998,94.19036865,32.11078392,Asia,,83.68179,76.00611
Cambodia,2014,0.689999998,96.64279175,31.81166026,Asia,,83.40837,80.01408
Cambodia,2015,0.389999986,95.51302338,31.60217908,Asia,,87.08213,82.97401
Cambodia,2016,0.720000029,92.41137695,31.38931462,Asia,,89.28533,85.13444
Cambodia,2017,0.140000001,89.54563141,31.27242861,Asia,,92.26153,87.41245
Colombia,2000,20.52000046,96.0116806,32.57381131,South America,,92.15308,92.52001
Colombia,2001,15.03999996,92.80085754,32.11032541,South America,,,
Colombia,2002,14.47999954,92.81960297,31.69653796,South America,,,
Colombia,2004,12.73999977,100.1039734,30.84436705,South America,,99.23733,100
Colombia,2005,11.06000042,104.173111,30.32105841,South America,,100,99.08193
Colombia,2006,11.28999996,110.5809708,29.79431885,South America,,100,99.59176
Colombia,2007,10.25,112.7317276,29.18472096,South America,,99.16939,100
Colombia,2008,10.48999977,113.0217133,28.52626852,South America,,99.30585,100
Colombia,2009,11.28999996,117.8619308,27.87729373,South America,,97.30352,99.21063
Colombia,2010,10.97999954,116.9559937,27.26852222,South America,,97.17553,100
Colombia,2011,10.10999966,115.3100204,26.63780769,South America,,98.78909,100
Colombia,2012,9.739999771,109.6682205,26.07239457,South America,,94.7738,98.45451
Colombia,2013,9.050000191,99.79444122,25.55024204,South America,,,
Colombia,2014,8.569999695,99.24220276,25.03879049,South America,,,
Colombia,2015,8.300000191,100.0330505,24.52966832,South America,,,
Colombia,2016,8.68999958,101.7112503,24.04576543,South America,,,
Colombia,2017,8.869999886,105.9868011,23.55691255,South America,,,
Costa Rica,2000,5.079999924,88.31564331,31.16045137,North America,,81.8918,83.93938
Costa Rica,2001,5.920000076,91.27375031,30.49421007,North America,,86.60504,89.1408
Costa Rica,2002,6.329999924,93.4924469,29.75248267,North America,,,
Costa Rica,2004,6.389999866,94.08341217,28.18296607,North America,,,
Costa Rica,2005,6.570000172,93.50605774,27.43608567,North America,,96.23936,100
Costa Rica,2006,5.739999771,90.26892853,26.72296666,North America,,,
Costa Rica,2007,4.489999771,92.70088959,26.07203151,North America,,93.79592,100
Costa Rica,2008,4.78000021,94.48940277,25.46776082,North America,,91.14907,97.94779
Costa Rica,2009,7.710000038,97.94898987,24.88267408,North America,,89.69516,94.27808
Costa Rica,2010,7.170000076,99.32607269,24.3076058,North America,,90.60821,95.1343
Costa Rica,2011,10.14000034,104.3604507,23.84093453,North America,,90.26088,97.72161
Costa Rica,2012,9.779999733,102.4104004,23.37363481,North America,,83.06517,85.65621
Costa Rica,2013,8.770000458,98.64965057,22.92352324,North America,,83.31634,86.30144
Costa Rica,2014,9.06000042,98.42607117,22.51326064,North America,,82.40032,84.81729
Costa Rica,2015,9,99.58660126,22.14963724,North America,,83.16504,86.07027
Costa Rica,2016,8.600000381,97.32090759,21.85061473,North America,,84.17938,86.35151
Costa Rica,2017,8.140000343,96.77837372,21.57737223,North America,,90.31448,93.05345
Croatia,2000,16.05999947,90.88205719,17.32192883,Europe,,100,99.49301
Croatia,2001,15.81999969,95.01474762,17.12343824,Europe,,99.8406,100
Croatia,2002,15.05000019,98.19367981,16.75658964,Europe,,100,99.79659
Croatia,2003,13.92000008,97.35977936,16.31563298,Europe,,,
Croatia,2005,12.60000038,103.4470901,15.73085601,Europe,,100,99.92579
Croatia,2006,11.13000011,101.7197037,15.44709327,Europe,,100,99.18775
Croatia,2007,9.909999847,103.8742065,15.39638724,Europe,,99.22951,99.61773
Croatia,2008,8.529999733,98.67823792,15.47620798,Europe,,98.76504,100
Croatia,2009,9.199999809,93.59108734,15.51875214,Europe,,99.38038,100
Croatia,2010,11.61999989,91.27275848,15.44261829,Europe,,99.75328,99.23985
Croatia,2011,13.68000031,93.08901215,15.42313311,Europe,,99.58105,100
Croatia,2012,15.93000031,92.74301147,15.23225287,Europe,,,
Croatia,2013,17.25,94.96452332,14.94400456,Europe,,,
Croatia,2014,17.29000092,97.93856049,14.69132269,Europe,,,
Croatia,2015,16.18000031,103.4840393,14.54097145,Europe,,99.07162,99.12632
Croatia,2016,13.10000038,101.0199966,14.43149055,Europe,,98.39753,98.76436
Croatia,2017,11.21000004,95.54715729,14.43802645,Europe,,,
Cuba,2000,5.449999809,95.5450592,21.58392225,North America,,98.21321,96.63108
Cuba,2001,4.079999924,95.89134979,21.31066695,North America,,98.34016,97.13923
Cuba,2002,3.309999943,102.1481018,20.82081843,North America,,98.5079,97.85979
Cuba,2003,2.329999924,98.56324005,20.21108749,North America,,99.11776,98.24722
Cuba,2004,1.850000024,96.58499908,19.64511374,North America,,98.86839,98.47306
Cuba,2005,1.950000048,97.92652893,19.20105008,North America,,99.01726,98.27556
Cuba,2006,1.909999967,95.89933777,18.77700411,North America,,98.46354,98.51361
Cuba,2007,1.789999962,94.34615326,18.46430072,North America,,98.86903,98.11935
Cuba,2008,1.580000043,89.0286026,18.22703823,North America,,98.51525,98.68702
Cuba,2009,1.669999957,95.75437927,17.99481932,North America,,99.3647,98.50431
Cuba,2010,2.5,94.98464966,17.74108146,North America,,98.7953,98.46382
Cuba,2011,3.180000067,95.78063202,17.49465656,North America,,99.35887,98.71773
Cuba,2012,3.460000038,94.92070007,17.27573095,North America,,98.94146,98.71649
Cuba,2013,3.289999962,93.86077118,17.07360892,North America,,99.23799,98.94388
Cuba,2014,2.700000048,98.09442902,16.87675954,North America,,98.61963,98.12906
Cuba,2015,2.400000095,97.07624054,16.6748655,North America,,99.22121,98.42498
Cuba,2016,2,92.8256073,16.57346064,North America,,99.17383,98.07175
Cuba,2017,1.700000048,89.52381897,16.40629974,North America,,98.92097,97.99916
Cyprus,2000,4.96999979,97.65950012,22.39989823,Europe,,99.02477,100
Cyprus,2001,3.980000019,98.0424881,21.9839921,Europe,,98.48972,100
Cyprus,2002,3.299999952,100.450119,21.53170434,Europe,,98.97465,99.8923
Cyprus,2003,4.139999866,101.184639,21.04919366,Europe,,100,99.62956
Cyprus,2004,4.329999924,87.55182648,20.53319055,Europe,,99.35192,100
Cyprus,2005,5.300000191,100.0818024,19.99743106,Europe,,99.56006,100
Cyprus,2006,4.539999962,101.1462097,19.5769134,Europe,,100,98.33143
Cyprus,2007,3.920000076,99.95162964,19.13796297,Europe,,100,99.8327
Cyprus,2008,3.650000095,100.2462082,18.69960418,Europe,,100,99.98773
Cyprus,2009,5.360000134,103.160408,18.26473955,Europe,,100,99.80802
Cyprus,2010,6.260000229,99.31649017,17.83658634,Europe,,100,98.88623
Cyprus,2011,7.860000134,101.7331009,17.61550381,Europe,,100,97.79044
Cyprus,2012,11.80000019,100.0641403,17.39603505,Europe,,100,99.10735
Cyprus,2013,15.86999989,98.3320694,17.20245204,Europe,,99.86462,98.92473
Cyprus,2014,16.09000015,99.82537842,17.03962127,Europe,,100,98.77737
Cyprus,2015,14.90999985,96.81906128,16.89556713,Europe,,96.75261,100
Cyprus,2016,12.94999981,98.46739197,16.87277333,Europe,,100,99.49325
Cyprus,2017,11.05000019,101.2697296,16.8366283,Europe,,,
Czechia,2000,8.760000229,99.34734344,16.4227694,Europe,,99.9426,100
Czechia,2001,7.989999771,99.44711304,15.91439711,Europe,,99.56788,100
Czechia,2002,7.019999981,104.0140305,15.55053076,Europe,,99.67719,100
Czechia,2003,7.539999962,99.17993927,15.26938406,Europe,,100,99.99558
Czechia,2004,8.210000038,99.77954865,15.00161288,Europe,,100,99.72243
Czechia,2005,7.929999828,98.93743896,14.73166697,Europe,,99.81965,99.7419
Czechia,2006,7.150000095,93.89820099,14.61140305,Europe,,99.31826,99.23278
Czechia,2007,5.320000172,95.59893799,14.44805706,Europe,,99.3661,99.13606
Czechia,2008,4.389999866,98.50746155,14.2987143,Europe,,99.85362,99.60642
Czechia,2009,6.659999847,103.5232773,14.22642972,Europe,,100,98.7432
Czechia,2010,7.28000021,106.4567795,14.24146953,Europe,,100,98.70884
Czechia,2011,6.710000038,103.75914,14.37842763,Europe,,100,98.45891
Czechia,2012,6.980000019,100.9904404,14.52640996,Europe,,100,99.37439
Czechia,2013,6.949999809,99.76103973,14.69638833,Europe,,100,99.4392
Czechia,2014,6.110000134,98.16072083,14.89354088,Europe,,100,99.95383
Czechia,2015,5.050000191,96.07079315,15.11418731,Europe,,100,99.91662
Czechia,2016,3.950000048,97.06746674,15.20620345,Europe,,99.89171,100
Czechia,2017,2.890000105,97.84403992,15.38537514,Europe,,,
Denmark,2000,4.480000019,100.1467819,18.46946582,Europe,,,
Denmark,2001,4.159999847,101.3587875,18.5578853,Europe,,99.90701,100
Denmark,2002,4.269999981,105.4157715,18.65220767,Europe,,,
Denmark,2004,5.199999809,100.6575775,18.75318934,Europe,,99.36559,100
Denmark,2005,4.829999924,100.3595734,18.72795665,Europe,,99.96186,100
Denmark,2006,3.900000095,102.0396576,18.63412392,Europe,,96.45118,97.05156
Denmark,2007,3.799999952,101.7559204,18.50555063,Europe,,97.90762,94.72428
Denmark,2008,3.680000067,100.9705811,18.34766683,Europe,,100,99.59234
Denmark,2009,6.409999847,97.97302246,18.16235125,Europe,,99.84512,100
Denmark,2010,7.75,99.11992645,17.949721,Europe,,99.73628,100
Denmark,2011,7.769999981,99.62966919,17.81047677,Europe,,97.68099,96.90951
Denmark,2012,7.800000191,98.25849152,17.56836645,Europe,,99.82754,100
Denmark,2013,7.380000114,99.27841187,17.28485167,Europe,,100,99.94336
Denmark,2014,6.929999828,98.77497864,17.03258503,Europe,,99.99625,100
Denmark,2015,6.28000021,98.73802948,16.84315999,Europe,,99.89736,100
Denmark,2016,5.989999771,103.8826904,16.59726975,Europe,,99.88326,100
Denmark,2017,5.829999924,103.7763977,16.49169248,Europe,,,
Ecuador,2000,4.800000191,97.24127197,34.9669426,South America,,68.25152,72.20138
Ecuador,2001,4.25,97.66513062,34.66581833,South America,,70.70526,75.38136
Ecuador,2002,4.897999763,97.31587982,34.31048053,South America,,71.1615,75.36828
Ecuador,2003,5.659999847,96.65190125,33.91982215,South America,,71.48929,76.46295
Ecuador,2004,5,96.30124664,33.52316071,South America,,76.16042,80.96117
Ecuador,2005,3.779999971,100.4165802,33.13446185,South America,,75.59367,80.15563
Ecuador,2006,3.549999952,99.7706604,32.69439116,South America,,77.08833,81.05174
Ecuador,2007,3.140000105,99.12251282,32.28062533,South America,,,
Ecuador,2009,4.610000134,97.2144928,31.46512514,South America,,93.91816,100
Ecuador,2010,4.090000153,103.1958313,31.03727058,South America,,93.06836,97.51136
Ecuador,2011,3.460000038,106.9734573,30.62994313,South America,,96.01322,97.62768
Ecuador,2012,3.230000019,108.2071304,30.21971357,South America,,98.25261,100
Ecuador,2013,3.079999924,108.6961594,29.81258476,South America,,99.90298,100
Ecuador,2014,3.480000019,112.2291412,29.42245534,South America,,95.87593,95.53003
Ecuador,2015,3.619999886,106.4048386,29.05880945,South America,,98.86893,98.41182
Ecuador,2016,4.599999905,103.5557404,28.70692317,South America,,99.20505,98.80742
Ecuador,2017,3.839999914,105.4158478,28.36160033,South America,,100,99.19815
Estonia,2000,13.35999966,95.6677475,17.58293832,Europe,,99.75328,99.94399
Estonia,2001,13.13000011,101.4070816,17.03843418,Europe,,99.82145,99.27039
Estonia,2002,10.02999973,102.9511414,16.4936517,Europe,,,
Estonia,2003,11.28999996,106.3058929,15.96274771,Europe,,99.85708,99.29844
Estonia,2004,10.25,102.3217163,15.50252463,Europe,,99.96631,99.93864
Estonia,2005,8.029999733,102.6362686,15.15673685,Europe,,,
Estonia,2006,5.909999847,94.97763824,15.00678468,Europe,,,
Estonia,2007,4.590000153,94.75234985,14.9240941,Europe,,99.59264,99.30219
Estonia,2008,5.449999809,95.45355225,14.92754499,Europe,,98.82057,100
Estonia,2009,13.55000019,98.74658966,15.00574418,Europe,,99.67569,99.96939
Estonia,2010,16.70999908,100.6342773,15.13316182,Europe,,99.44637,99.50487
Estonia,2011,12.32999992,101.4313278,15.34184072,Europe,,99.64196,99.58194
Estonia,2012,10.02000046,103.8179398,15.5286704,Europe,,99.37888,99.7055
Estonia,2013,8.630000114,104.3208313,15.70881429,Europe,,99.40232,99.39229
Estonia,2014,7.349999905,100.0924301,15.90523879,Europe,,99.3088,99.34917
Estonia,2015,6.190000057,98.76663971,16.13046205,Europe,,99.98306,99.49724
Estonia,2016,6.760000229,96.44262695,16.13067884,Europe,,99.96716,99.69281
Estonia,2017,5.760000229,97.23143768,16.22189042,Europe,,,
Eswatini,2000,24.24399948,69.66107178,43.00805124,Africa,,79.09284,88.86433
Eswatini,2001,24.82900047,66.96278381,42.50297699,Africa,,86.50592,84.14933
Eswatini,2002,25.36100006,69.46578979,42.14250598,Africa,,85.30863,84.28097
Eswatini,2003,25.94400024,66.40332031,41.86782975,Africa,,93.75124,97.55335
Eswatini,2004,26.52300072,68.15930939,41.60682305,Africa,,95.49713,95.09438
Eswatini,2005,27.06500053,70.59430695,41.32822423,Africa,,93.47105,97.77688
Eswatini,2006,27.63999939,72.02887726,41.04799574,Africa,,,
Eswatini,2007,28.23999977,80.49994659,40.79424391,Africa,,,
Eswatini,2009,27.05200005,79.07492828,40.3697704,Africa,,98.59532,96.8583
Eswatini,2010,26.40600014,83.22717285,40.18812269,Africa,,95.53517,96.84043
Eswatini,2011,25.81100082,83.8032074,40.01602563,Africa,,96.22757,96.77192
Eswatini,2012,25.14900017,84.69747162,39.76491909,Africa,,98.2804,99.76623
Eswatini,2013,24.54999924,86.04702759,39.48905224,Africa,,98.72088,96.81329
Eswatini,2014,23.9659996,84.54666138,39.25941011,Africa,,98.72944,100
Eswatini,2015,23.32900047,89.14315033,39.09862288,Africa,,97.47413,99.77754
Eswatini,2016,22.71999931,95.14885712,38.64570551,Africa,,97.99014,98.1119
Eswatini,2017,22.75300026,95.81926727,38.34442414,Africa,,,
Ethiopia,2000,3.509000063,22.31555939,46.46277096,Africa,,,
Ethiopia,2001,3.303999901,27.74431038,46.5502987,Africa,,,
Ethiopia,2002,3.130000114,31.60784912,46.57881528,Africa,,,
Ethiopia,2003,2.941999912,34.92633057,46.57371901,Africa,,,
Ethiopia,2004,2.693000078,37.69916916,46.54887179,Africa,,97.87009,99.79695
Ethiopia,2005,2.5,43.46147919,46.49071649,Africa,,96.00668,96.9782
Ethiopia,2006,2.470000029,47.19113922,46.30580796,Africa,,92.79219,97.58784
Ethiopia,2007,2.434999943,47.29251862,46.06418263,Africa,,92.70872,93.09685
Ethiopia,2008,2.405999899,49.45278931,45.75346553,Africa,,92.25971,89.25187
Ethiopia,2009,2.380000114,51.35950851,45.37105905,Africa,,91.14529,93.96378
Ethiopia,2010,2.338999987,57.70273972,44.9318133,Africa,,89.35196,89.6108
Ethiopia,2011,2.312000036,52.54763031,44.40624643,Africa,,96.61785,100
Ethiopia,2012,2.286999941,50.30796814,43.86028835,Africa,,,
Ethiopia,2013,2.25,53.32957077,43.30069766,Africa,,,
Ethiopia,2014,2.262000084,53.38832855,42.73593772,Africa,,90.91628,91.95012
Ethiopia,2015,2.273999929,54.11090088,42.17504323,Africa,,,
Ethiopia,2016,2.288000107,61.57915115,41.72078246,Africa,,,
Ethiopia,2017,2.299000025,63.68955994,41.25079826,Africa,,,
Finland,2000,11.13000011,96.20359039,18.13595494,Europe,,99.67103,100
Finland,2001,10.28999996,102.1508026,17.8789561,Europe,,99.97372,100
Finland,2002,10.42000008,100.8714523,17.72421119,Europe,,99.67994,100
Finland,2003,10.47000027,101.9170685,17.62375378,Europe,,100,99.86073
Finland,2004,10.35999966,100.1813202,17.50446857,Europe,,99.94577,100
Finland,2005,8.380000114,100.193222,17.33929754,Europe,,100,99.76573
Finland,2006,7.71999979,96.7771225,17.19695969,Europe,,100,99.83161
Finland,2007,6.849999905,98.18776703,17.01786366,Europe,,99.96187,100
Finland,2008,6.369999886,98.77861023,16.82247541,Europe,,100,99.76389
Finland,2009,8.25,97.86470795,16.65068093,Europe,,100,99.88244
Finland,2010,8.390000343,98.62905121,16.52258702,Europe,,99.93703,100
Finland,2011,7.78000021,98.20484161,16.48721215,Europe,,99.73408,100
Finland,2012,7.690000057,100.0309677,16.45833526,Europe,,100,99.86796
Finland,2013,8.18999958,99.63838196,16.44160617,Europe,,99.84194,100
Finland,2014,8.659999847,98.88854218,16.4257918,Europe,,100,99.7149
Finland,2015,9.380000114,99.03192139,16.39465423,Europe,,100,99.97783
Finland,2016,8.819999695,100.8849716,16.33386465,Europe,,99.79078,100
Finland,2017,8.640000343,101.4983215,16.25116509,Europe,,,
Georgia,2000,10.81999969,118.0893326,20.82164291,Europe,,98.48861,98.35781
Georgia,2001,11.15999985,120.9960938,20.47331393,Europe,,95.73649,99.87525
Georgia,2002,12.59000015,118.1896667,20.05684536,Europe,,97.36478,99.68487
Georgia,2003,11.51000023,106.5050888,19.64293339,Europe,,,
Georgia,2004,12.61999989,112.0704498,19.29234496,Europe,,96.111,99.70459
Georgia,2005,13.81000042,97.7706604,19.02558283,Europe,,,
Georgia,2006,13.56999969,92.03656769,18.63847703,Europe,,,
Georgia,2007,13.27999973,98.81681061,18.34138215,Europe,,99.68352,99.70902
Georgia,2008,17.87000084,102.3803864,18.13781259,Europe,,99.14789,98.6089
Georgia,2009,20.70999908,105.0745087,18.01145966,Europe,,99.85221,99.69377
Georgia,2010,20.20000076,106.4736633,17.9549945,Europe,,,
Georgia,2012,19.64999962,101.4368134,18.25589687,Europe,,100,99.91722
Georgia,2013,19.42000008,104.25811,18.44947305,Europe,,99.71336,99.62711
Georgia,2014,17.44000053,103.5047379,18.68795243,Europe,,100,99.20232
Georgia,2015,16.51000023,102.9413834,18.96635913,Europe,,99.73753,99.89032
Georgia,2016,16.60000038,115.4339523,19.25054477,Europe,,99.56347,99.45754
Georgia,2017,13.93999958,113.7015991,19.52912105,Europe,,99.74239,99.63832
Germany,2000,7.920000076,104.3469162,15.672555,Europe,,99.80124,100
Germany,2001,7.769999981,105.7957077,15.49439907,Europe,,99.62512,99.93524
Germany,2002,8.479999542,101.6701431,15.23167893,Europe,,99.51008,100
Germany,2003,9.779999733,100.6812363,14.92891694,Europe,,99.45931,99.81882
Germany,2004,10.72999954,99.47026825,14.64863259,Europe,,99.63642,100
Germany,2005,11.17000008,96.87963867,14.41663216,Europe,,99.34,99.81792
Germany,2006,10.25,98.49680328,14.17186269,Europe,,99.09832,99.53468
Germany,2007,8.659999847,103.5369797,13.98338514,Europe,,99.23146,99.83966
Germany,2008,7.519999981,101.9790268,13.83937449,Europe,,,
Germany,2009,7.739999771,102.3837967,13.70672231,Europe,,,
Germany,2010,6.96999979,102.0153503,13.56838275,Europe,,,
Germany,2011,5.820000172,101.5668793,13.50929642,Europe,,,
Germany,2012,5.380000114,98.65313721,13.42680146,Europe,,,
Germany,2013,5.230000019,98.39868927,13.33107162,Europe,,99.36093,100
Germany,2014,4.980000019,97.28270721,13.25209933,Europe,,99.24637,100
Germany,2015,4.619999886,98.91829681,13.21693873,Europe,,99.80508,100
Germany,2016,4.119999886,97.93720245,13.31529904,Europe,,98.97983,100
Germany,2017,3.75,98.80513763,13.45068836,Europe,,,
Guatemala,2000,2.724999905,55.51237106,43.72988057,North America,,93.9762,94.79813
Guatemala,2001,2.78399992,58.03934097,43.42441467,North America,,94.95854,96.77436
Guatemala,2002,2.750999928,61.58015823,43.17558053,North America,,,
Guatemala,2004,2.970000029,67.26300812,42.64224413,North America,,91.37366,93.94472
Guatemala,2005,3.051000118,70.92420197,42.25671326,North America,,91.29663,94.0255
Guatemala,2006,3.061000109,73.92884064,41.80304711,North America,,91.1825,95.15405
Guatemala,2007,3.108999968,74.67053223,41.24280391,North America,,90.87587,94.6803
Guatemala,2008,3.309000015,77.5581665,40.61335267,North America,,97.36841,100
Guatemala,2009,3.512000084,81.62690735,39.97678724,North America,,93.1992,98.51344
Guatemala,2010,3.5,83.62596893,39.36600713,North America,,86.23007,93.15442
Guatemala,2011,3.085000038,85.79241943,38.67932284,North America,,81.63389,89.36794
Guatemala,2012,2.75999999,84.75212097,38.05945358,North America,,86.99301,97.64427
Guatemala,2013,3.019999981,84.86328888,37.47203737,North America,,80.70884,89.55101
Guatemala,2014,2.720000029,84.669487,36.86805245,North America,,79.89039,88.42598
Guatemala,2015,2.50999999,82.71166992,36.23167958,North America,,83.16396,95.50459
Guatemala,2016,2.579999924,79.13230896,35.65988602,North America,,84.89556,94.209
Guatemala,2017,2.460000038,79.94132996,35.05089279,North America,,85.65281,94.44697
Hungary,2000,6.559999943,96.41895294,16.82869548,Europe,,99.98433,100
Hungary,2001,5.670000076,98.01667786,16.48901172,Europe,,100,98.96613
Hungary,2002,5.610000134,99.41333008,16.2281703,Europe,,99.72574,100
Hungary,2003,5.789999962,96.18540192,16.00461753,Europe,,99.67678,100
Hungary,2004,5.829999924,94.62100983,15.7726151,Europe,,99.30143,100
Hungary,2005,7.190000057,93.81266022,15.51678342,Europe,,99.20615,100
Hungary,2006,7.489999771,98.7664566,15.46158166,Europe,,99.2233,100
Hungary,2007,7.409999847,95.02565002,15.33515713,Europe,,99.67891,100
Hungary,2008,7.820000172,96.5894165,15.15976944,Europe,,99.63892,99.67554
Hungary,2009,10.02999973,96.79566193,14.99044273,Europe,,100,99.65407
Hungary,2010,11.17000008,97.10366058,14.85989744,Europe,,99.81112,99.55811
Hungary,2011,11.02999973,98.72741699,14.71850343,Europe,,,
Hungary,2012,11,97.53672791,14.60515727,Europe,,99.46663,99.19394
Hungary,2013,10.18000031,97.71341705,14.52468155,Europe,,99.64102,99.58105
Hungary,2014,7.730000019,96.46964264,14.4735064,Europe,,99.61397,99.66565
Hungary,2015,6.809999943,96.9503479,14.44862063,Europe,,99.75976,99.92526
Hungary,2016,5.110000134,98.59475708,14.37102012,Europe,,98.97728,100
Hungary,2017,4.159999847,105.0500336,14.37226556,Europe,,,
Iceland,2000,1.940000057,99.78250122,23.203951,Europe,,100,99.7724
Iceland,2001,1.870000005,111.9304276,22.87500839,Europe,,99.54809,100
Iceland,2002,2.99000001,106.0606079,22.69520448,Europe,,100,99.17974
Iceland,2003,4,109.3578033,22.57390121,Europe,,99.29419,100
Iceland,2004,4.03000021,98.46871185,22.41020391,Europe,,98.85834,100
Iceland,2005,2.549999952,98.52311707,22.17988399,Europe,,100,99.67646
Iceland,2006,2.829999924,96.78497314,21.92779928,Europe,,99.53537,100
Iceland,2007,2.25,94.98313904,21.63062818,Europe,,100,99.67737
Iceland,2008,2.950000048,94.78128815,21.32402141,Europe,,99.53915,100
Iceland,2009,7.21999979,98.98027039,21.04587075,Europe,,100,99.86188
Iceland,2010,7.559999943,98.02002716,20.79743263,Europe,,99.48526,100
Iceland,2011,7.03000021,99.86000824,20.74386195,Europe,,99.33097,100
Iceland,2012,6,98.16384125,20.64750101,Europe,,,
Iceland,2013,5.380000114,102.4735031,20.5341288,Europe,,,
Iceland,2014,4.900000095,98.06101227,20.42185798,Europe,,,
Iceland,2015,3.980000019,96.57388306,20.31292109,Europe,,,
Iceland,2016,2.980000019,99.95250702,20.14442846,Europe,,,
Iceland,2017,2.74000001,101.8414917,19.98965289,Europe,,,
Italy,2000,10.84000015,101.744873,14.32432354,Europe,,99.5393,100
Italy,2001,9.600000381,104.9122772,14.24239835,Europe,,99.59848,100
Italy,2002,9.210000038,103.3618774,14.19975745,Europe,,99.66008,100
Italy,2003,8.869999886,103.7088089,14.18503681,Europe,,99.15694,100
Italy,2004,7.869999886,102.1325607,14.1788636,Europe,,99.24305,100
Italy,2005,7.730000019,100.3055573,14.16689653,Europe,,98.66961,100
Italy,2006,6.78000021,100.4195175,14.1823737,Europe,,99.34582,100
Italy,2007,6.079999924,102.3610687,14.17936221,Europe,,99.92328,100
Italy,2008,6.71999979,105.7323685,14.15843754,Europe,,99.88638,100
Italy,2009,7.75,103.6031876,14.12439679,Europe,,100,99.891
Italy,2010,8.359999657,104.2058029,14.078791,Europe,,99.88257,100
Italy,2011,8.359999657,105.3638611,14.06503601,Europe,,100,99.63696
Italy,2012,10.64999962,101.4161911,14.01765223,Europe,,99.78574,100
Italy,2013,12.14999962,100.3593292,13.94141589,Europe,,99.75424,100
Italy,2014,12.68000031,100.1127396,13.84016817,Europe,,99.84551,100
Italy,2015,11.89999962,99.80954742,13.71537232,Europe,,99.85309,100
Italy,2016,11.68999958,97.74971008,13.60466485,Europe,,99.89696,100
Italy,2017,11.21000004,98.81697845,13.47507053,Europe,,,
Kazakhstan,2000,12.75,93.19255829,27.52421995,Asia,,97.82011,100
Kazakhstan,2001,10.43000031,95.47870636,26.78035614,Asia,,99.22945,98.56489
Kazakhstan,2002,9.329999924,96.79334259,26.07775089,Asia,,99.44008,99.66224
Kazakhstan,2003,8.779999733,98.02690125,25.43846735,Asia,,99.42115,100
Kazakhstan,2004,8.399999619,104.8648529,24.90032961,Asia,,100,99.84475
Kazakhstan,2005,8.130000114,105.762001,24.48392037,Asia,,99.95273,100
Kazakhstan,2006,7.789999962,101.8485794,24.2543952,Asia,,99.98971,100
Kazakhstan,2007,7.260000229,98.35679626,24.07838465,Asia,,99.93263,100
Kazakhstan,2008,6.630000114,102.4507904,23.96210772,Asia,,99.90758,99.77976
Kazakhstan,2009,6.550000191,104.1133118,23.93945225,Asia,,99.82163,99.82868
Kazakhstan,2010,5.769999981,107.4487915,24.0549833,Asia,,99.92605,100
Kazakhstan,2011,5.389999866,114.1405869,24.40914772,Asia,,99.99273,100
Kazakhstan,2012,5.289999962,107.5192795,24.85528332,Asia,,100,99.84671
Kazakhstan,2013,5.199999809,109.3172607,25.41054428,Asia,,99.84843,99.66062
Kazakhstan,2014,5.059999943,115.1543884,26.04404594,Asia,,99.93727,99.44845
Kazakhstan,2015,4.929999828,114.2725296,26.69820583,Asia,,99.87178,99.98336
Kazakhstan,2016,4.960000038,110.2985764,27.30750398,Asia,,100,98.34515
Kazakhstan,2017,4.900000095,109.6560974,27.91486005,Asia,,99.70243,99.6585
Kyrgyz Republic,2000,7.539999962,93.64906311,34.94067525,Asia,,97.12522,100
Kyrgyz Republic,2001,7.840000153,93.55747986,34.26625421,Asia,,99.27187,100
Kyrgyz Republic,2002,12.55000019,93.7224884,33.48928565,Asia,,100,96.93723
Kyrgyz Republic,2003,9.920000076,90.65828705,32.62148626,Asia,,100,98.07133
Kyrgyz Republic,2004,8.529999733,92.86183167,31.74529495,Asia,,100,98.18849
Kyrgyz Republic,2005,8.109999657,97.62499237,30.95622821,Asia,,99.92417,100
Kyrgyz Republic,2006,8.270000458,101.5139771,30.51858741,Asia,,99.35514,98.66716
Kyrgyz Republic,2007,8.100000381,97.08724213,30.16552375,Asia,,99.70188,99.99814
Kyrgyz Republic,2008,8.220000267,95.51502228,29.94038606,Asia,,99.66684,99.53774
Kyrgyz Republic,2009,8.409999847,98.01081085,29.85412515,Asia,,98.81506,99.83377
Kyrgyz Republic,2010,8.640000343,97.05922699,29.89692737,Asia,,98.29375,98.06436
Kyrgyz Republic,2011,8.529999733,95.32794189,30.05524543,Asia,,98.68703,99.11135
Kyrgyz Republic,2012,8.430000305,95.74697876,30.34938957,Asia,,99.81496,99.59956
Kyrgyz Republic,2013,8.329999924,99.34651184,30.73105714,Asia,,100,99.45424
Kyrgyz Republic,2014,8.050000191,102.2726593,31.13067051,Asia,,98.91794,99.49335
Kyrgyz Republic,2015,7.559999943,108.2003632,31.49991417,Asia,,99.42786,99.94988
Kyrgyz Republic,2016,7.210000038,101.7858734,31.91876306,Asia,,99.58184,99.23767
Kyrgyz Republic,2017,6.889999866,101.5568695,32.18067726,Asia,,99.77121,99.75871
Laos,2000,2.062999964,67.38773346,43.35888574,Asia,,73.63184,81.29553
Laos,2001,1.93599999,67.54495239,42.82127529,Asia,,76.59693,85.02698
Laos,2002,1.797000051,67.98867035,42.27558715,Asia,,78.81945,86.75904
Laos,2003,1.656999946,67.47633362,41.68970922,Asia,,78.58312,85.33895
Laos,2004,1.511999965,67.82991791,41.03330362,Asia,,78.22015,85.2203
Laos,2005,1.350000024,70.16239929,40.31101543,Asia,,77.29854,83.35547
Laos,2006,1.190000057,73.94615173,39.5001158,Asia,,78.30887,83.33333
Laos,2007,1.095000029,76.45172119,38.69169251,Asia,,79.17592,83.90961
Laos,2008,0.967999995,78.7592392,37.90082724,Asia,,79.91547,85.14532
Laos,2009,0.851000011,81.76178741,37.14578045,Asia,,80.07291,84.89577
Laos,2010,0.709999979,85.67514038,36.43195531,Asia,,80.80497,84.6216
Laos,2011,0.726999998,91.37177277,35.79640829,Asia,,82.49992,86.25994
Laos,2012,0.736999989,95.03047943,35.16490729,Asia,,85.04635,88.27274
Laos,2013,0.745999992,99.32383728,34.56668579,Asia,,88.60642,91.64324
Laos,2014,0.763000011,100.7859268,34.04421789,Asia,,87.91759,90.20914
Laos,2015,0.777999997,101.0114212,33.6121922,Asia,,87.04355,89.61929
Laos,2016,0.791999996,99.73226929,33.20571336,Asia,,86.31434,88.99404
Laos,2017,0.805000007,101.3968735,32.88293529,Asia,,84.74015,87.56268
Latvia,2000,14.21000004,99.4299469,17.85653168,Europe,,98.91167,100
Latvia,2001,13.81999969,100.4669876,17.14589393,Europe,,99.40861,100
Latvia,2002,13.82999992,99.56717682,16.47901635,Europe,,99.60461,99.98758
Latvia,2003,12.06000042,101.0083084,15.83781758,Europe,,99.66362,99.75949
Latvia,2004,11.71000004,104.9569626,15.22900531,Europe,,98.84185,99.93265
Latvia,2005,10.02999973,102.0033493,14.67984137,Europe,,98.523,99.72394
Latvia,2006,7.03000021,102.6938782,14.4633912,Europe,,,
Latvia,2007,6.050000191,101.6649628,14.24073366,Europe,,99.12862,97.85299
Latvia,2008,7.739999771,102.3786163,14.07063828,Europe,,100,98.53062
Latvia,2009,17.51000023,101.090271,14.01636994,Europe,,100,97.74824
Latvia,2010,19.47999954,102.1927567,14.08922058,Europe,,99.18415,98.39336
Latvia,2011,16.20999908,99.76600647,14.18597542,Europe,,98.74297,99.24609
Latvia,2012,15.05000019,98.53286743,14.34507998,Europe,,98.10421,97.699
Latvia,2013,11.86999989,99.41632843,14.55507377,Europe,,98.58969,98.10551
Latvia,2014,10.85000038,100.3578415,14.8047787,Europe,,98.36512,98.38975
Latvia,2015,9.869999886,100.0109482,15.09430468,Europe,,99.08818,98.70857
Latvia,2016,9.640000343,98.06009674,15.22859635,Europe,,99.19535,98.77006
Latvia,2017,8.720000267,99.31181335,15.57626299,Europe,,,
Lithuania,2000,15.93000031,101.9031906,20.0395278,Europe,,99.61383,99.92751
Lithuania,2001,16.84000015,102.7206268,19.356436,Europe,,99.3301,100
Lithuania,2002,13.01000023,102.5675278,18.68790393,Europe,,98.93438,99.67722
Lithuania,2003,12.86999989,101.3667679,18.02903322,Europe,,99.33058,99.44983
Lithuania,2004,10.68000031,103.2576599,17.38648991,Europe,,99.44374,99.10259
Lithuania,2005,8.319999695,102.043541,16.77302776,Europe,,98.92543,98.52053
Lithuania,2006,5.78000021,102.3819885,16.2971058,Europe,,99.18937,99.25158
Lithuania,2007,4.25,104.2147064,15.84093796,Europe,,99.03354,99.06796
Lithuania,2008,5.829999924,98.42682648,15.41717439,Europe,,99.28362,99.37895
Lithuania,2009,13.78999996,99.07627106,15.05260848,Europe,,99.33293,99.14976
Lithuania,2010,17.80999947,99.36398315,14.76540232,Europe,,99.17827,98.44428
Lithuania,2011,15.39000034,99.0966568,14.64395021,Europe,,99.9183,98.91393
Lithuania,2012,13.35999966,101.1034927,14.57314432,Europe,,99.74876,98.88116
Lithuania,2013,11.77000046,101.3880005,14.54285804,Europe,,99.64859,98.9093
Lithuania,2014,10.69999981,100.7501678,14.5459006,Europe,,100,99.06665
Lithuania,2015,9.119999886,100.7350235,14.59469692,Europe,,100,99.41228
Lithuania,2016,7.860000134,101.8899765,14.64189839,Europe,,99.3537,99.07919
Lithuania,2017,7.070000172,102.0011597,14.72748781,Europe,,,
Macao,2000,6.869999886,98.33943939,22.84504724,Asia,,91.18306,94.39601
Macao,2001,6.389999866,97.6539917,21.8948801,Asia,,94.89669,92.2179
Macao,2002,6.269999981,96.72071075,20.73543796,Asia,,97.93866,96.133
Macao,2003,6,93.08074951,19.45867243,Asia,,100,97.45048
Macao,2004,4.900000095,96.53009033,18.19074337,Asia,,95.74993,95.80273
Macao,2005,4.159999847,89.41459656,17.01638991,Asia,,98.68461,95.03946
Macao,2006,3.819999933,94.60597992,15.86819738,Asia,,100,99.41601
Macao,2007,3.269999981,92.86459351,14.90235099,Asia,,100,96.60478
Macao,2008,3,92.93218994,14.12024323,Asia,,99.78829,98.46154
Macao,2009,3.579999924,90.997612,13.48214286,Asia,,100,99.51754
Macao,2010,2.839999914,92.48989868,12.96739803,Asia,,100,98.87527
Macao,2011,2.559999943,93.0426178,12.75815494,Asia,,99.76391,100
Macao,2012,1.970000029,94.08878326,12.58334973,Asia,,100,99.06743
Macao,2013,1.820000052,90.11975861,12.48657711,Asia,,98.85385,100
Macao,2014,1.700000048,93.26970673,12.49915284,Asia,,100,99.39081
Macao,2015,1.809999943,93.86437225,12.61549449,Asia,,,
Macao,2016,1.940000057,98.2186203,12.92923392,Asia,,99.51334,100
Macao,2017,1.99000001,100.9514313,13.2804356,Asia,,100,98.45925
Madagascar,2000,5.800000191,36.70574188,45.15214432,Africa,,61.72432,63.49719
Madagascar,2001,5.349999905,36.19731903,45.17385596,Africa,,70.41546,71.45363
Madagascar,2002,5.354000092,36.25741959,45.12248259,Africa,,63.37442,66.20656
Madagascar,2003,5.010000229,40.09122086,45.01700634,Africa,,75.75343,77.48665
Madagascar,2004,3.832999945,45.97764969,44.87766301,Africa,,71.5041,75.41173
Madagascar,2005,2.619999886,58.28878021,44.71193982,Africa,,69.18726,71.53178
Madagascar,2006,2.938999891,57.07947922,44.5321992,Africa,,74.05523,75.95101
Madagascar,2007,3.260999918,61.22325897,44.33987546,Africa,,73.83616,76.32701
Madagascar,2008,3.582000017,67.43195343,44.11943046,Africa,,71.9359,74.65815
Madagascar,2009,3.974999905,73.94528198,43.84873206,Africa,,71.64019,74.06324
Madagascar,2010,4.28000021,70.37521362,43.52222334,Africa,,78.69006,80.96271
Madagascar,2011,2.444000006,70.69732666,43.20519802,Africa,,77.86467,79.15484
Madagascar,2012,0.600000024,69.12863159,42.8326534,Africa,,72.72283,73.00607
Madagascar,2013,0.995000005,67.96189117,42.42758943,Africa,,75.62767,76.10707
Madagascar,2014,1.389999986,68.19869995,42.02459969,Africa,,75.66962,76.42909
Madagascar,2015,1.789999962,68.65421295,41.64337853,Africa,,72.62113,73.86503
Madagascar,2016,1.804999948,67.57843018,41.29463007,Africa,,,
Madagascar,2017,1.822999954,67.00713348,40.97231217,Africa,,,
Malaysia,2000,3,100.6689072,33.35620537,Asia,,99.37038,99.12745
Malaysia,2002,3.480000019,92.83457947,32.36656662,Asia,,,
Malaysia,2003,3.609999895,93.56880188,31.73197472,Asia,,,
Malaysia,2004,3.539999962,98.23886108,31.08046191,Asia,,99.36949,100
Malaysia,2005,3.529999971,103.8097229,30.45262723,Asia,,98.54758,99.12079
Malaysia,2006,3.309999943,99.90332794,30.00285742,Asia,,96.60087,98.7748
Malaysia,2007,3.230000019,97.90132904,29.54337459,Asia,,96.92686,98.70389
Malaysia,2008,3.319999933,98.89887238,29.0606376,Asia,,95.40396,97.1913
Malaysia,2009,3.660000086,99.55062103,28.53332463,Asia,,94.39684,96.64537
Malaysia,2010,3.390000105,97.25932312,27.96111463,Asia,,94.06525,95.43236
Malaysia,2011,3.049999952,99.98245239,27.29867437,Asia,,92.08678,93.81716
Malaysia,2012,3.099999905,106.7283707,26.69723938,Asia,,90.57679,90.91398
Malaysia,2013,3.160000086,102.8557663,26.13412102,Asia,,88.60501,89.48228
Malaysia,2014,2.880000114,102.2998505,25.59706238,Asia,,87.73989,87.32456
Malaysia,2015,3.099999905,101.7599869,25.08959577,Asia,,87.06874,87.29868
Malaysia,2016,3.440000057,100.0088196,24.71627674,Asia,,90.41548,91.66313
Malaysia,2017,3.410000086,99.49160004,24.34379096,Asia,,,
Malta,2000,6.320000172,106.9921265,19.85443737,Europe,,99.44828,97.51093
Malta,2001,7.110000134,105.8545532,19.45635938,Europe,,97.36149,100
Malta,2002,6.900000095,106.0800934,18.99638341,Europe,,99.92819,99.4278
Malta,2003,7.489999771,103.4425278,18.48405549,Europe,,,
Malta,2004,7.320000172,99.96269226,17.95381029,Europe,,100,98.59872
Malta,2005,6.920000076,96.1218338,17.43345533,Europe,,98.1125,90.10204
Malta,2006,6.800000191,100.0193481,16.85707113,Europe,,94.97748,100
Malta,2007,6.46999979,97.9371109,16.32111648,Europe,,99.56507,100
Malta,2008,5.980000019,101.2873764,15.83453605,Europe,,,
Malta,2009,6.889999866,95.12615967,15.39003577,Europe,,,
Malta,2010,6.849999905,99.79792786,14.99132173,Europe,,98.08044,96.93654
Malta,2011,6.380000114,101.1935425,14.7897844,Europe,,100,98.78772
Malta,2012,6.199999809,94.63768005,14.5859856,Europe,,97.83356,100
Malta,2013,6.110000134,97.98256683,14.41226232,Europe,,,
Malta,2014,5.71999979,102.6799393,14.29438141,Europe,,93.6745,100
Malta,2015,5.380000114,100.2057114,14.22782136,Europe,,97.14555,100
Malta,2016,4.690000057,101.8052368,14.20784825,Europe,,97.74222,100
Malta,2017,4,101.9341888,14.22980228,Europe,,,
Mauritius,2000,9.177000046,102.7939835,25.75625767,Africa,,83.91581,77.64986
Mauritius,2001,9.140000343,101.8895569,25.3834228,Africa,,85.36794,76.51487
Mauritius,2002,8.199999809,98.33799744,25.23947173,Africa,,86.49322,76.90848
Mauritius,2003,8.248999596,99.16805267,25.19640296,Africa,,84.93557,76.46788
Mauritius,2004,8.340000153,96.03674316,25.05607986,Africa,,85.85849,78.38869
Mauritius,2005,9.520000458,97.4879303,24.72678054,Africa,,86.93463,80.00375
Mauritius,2006,9.039999962,95.00874329,24.37429209,Africa,,90.44905,82.24978
Mauritius,2007,8.479999542,97.42125702,23.81219056,Africa,,89.31593,81.66039
Mauritius,2008,7.170000076,97.06259918,23.13425248,Africa,,88.4575,81.13477
Mauritius,2009,7.260000229,94.79415131,22.49067718,Africa,,89.07857,81.91137
Mauritius,2010,7.650000095,99.26860809,21.94486179,Africa,,88.72482,83.01964
Mauritius,2011,7.449999809,98.42845154,21.30759024,Africa,,91.97439,83.52479
Mauritius,2012,7.46999979,95.62267303,20.7826481,Africa,,83.33333,73.13349
Mauritius,2013,7.320000172,97.34062195,20.33809337,Africa,,92.85936,87.65609
Mauritius,2014,7.46999979,96.91483307,19.8919955,Africa,,90.04713,81.68693
Mauritius,2015,7.409999847,100.4805603,19.40028076,Africa,,90.27535,81.45609
Mauritius,2016,6.809999943,101.0686569,18.90170502,Africa,,90.49404,84.64194
Mauritius,2017,6.75,98.20008087,18.35738897,Africa,,98.79534,100
Mexico,2000,2.650000095,96.64557648,34.19644995,North America,,89.21189,92.00894
Mexico,2001,2.630000114,97.43399811,33.65786706,North America,,91.39201,94.08076
Mexico,2002,3,99.04663086,33.17284878,North America,,92.07787,94.52016
Mexico,2003,3.460000038,98.93366241,32.72177167,North America,,92.8159,95.37538
Mexico,2004,3.940000057,100.2950287,32.28121222,North America,,93.13615,95.42928
Mexico,2005,3.559999943,100.5736389,31.83720803,North America,,93.35749,95.30264
Mexico,2006,3.569999933,100.8881989,31.42292295,North America,,93.89219,95.48848
Mexico,2007,3.630000114,101.9606934,30.94961586,North America,,93.78152,94.7039
Mexico,2008,3.869999886,101.2903595,30.44691106,North America,,94.33598,95.3849
Mexico,2009,5.360000134,99.8245163,29.95861863,North America,,94.72902,95.87122
Mexico,2010,5.300000191,100.2393875,29.50768752,North America,,95.70571,96.98848
Mexico,2011,5.170000076,100.1975327,29.07696743,North America,,96.29303,97.40805
Mexico,2012,4.889999866,106.0110092,28.69981029,North America,,96.10331,96.98047
Mexico,2013,4.909999847,109.4250412,28.35494824,North America,,96.34359,97.18998
Mexico,2014,4.809999943,110.5088425,28.00639537,North America,,96.77,97.35168
Mexico,2015,4.309999943,104.9098206,27.63596867,North America,,96.31618,96.13582
Mexico,2016,3.859999895,103.9693909,27.30489028,North America,,96.36549,96.77178
Mexico,2017,3.420000076,104.0978394,26.93922495,North America,,,
Morocco,2000,13.57999992,58.70890045,33.48727684,Africa,,87.0258,88.48069
Morocco,2001,12.46000004,60.2166481,32.77597967,Africa,,87.49705,89.4495
Morocco,2002,11.59000015,62.47660065,32.20913164,Africa,,86.34261,88.36009
Morocco,2003,11.92000008,66.78034973,31.7314569,Africa,,85.2057,88.3336
Morocco,2004,10.82999992,74.24163818,31.25836994,Africa,,,
Morocco,2005,11.01000023,78.79193115,30.75354941,Africa,,82.3625,87.59866
Morocco,2006,9.670000076,82.50327301,30.29205657,Africa,,83.90633,88.89124
Morocco,2007,9.56000042,83.03486633,29.78219865,Africa,,82.43824,87.94217
Morocco,2008,9.569999695,81.70568085,29.26958277,Africa,,83.71036,89.97871
Morocco,2009,8.960000038,81.34088898,28.83358675,Africa,,85.13965,91.62894
Morocco,2010,9.090000153,85.32665253,28.51374666,Africa,,84.51799,91.94356
Morocco,2011,8.909999847,89.36157227,28.2245058,Africa,,84.50869,92.31315
Morocco,2012,8.989999771,98.01963043,28.05555037,Africa,,86.77935,93.70424
Morocco,2013,9.229999542,96.02310181,27.96485958,Africa,,84.96574,92.19314
Morocco,2014,9.699999809,96.30815887,27.87388421,Africa,,83.89463,90.72267
Morocco,2015,9.460000038,96.25771332,27.73674162,Africa,,86.16295,91.13783
Morocco,2016,9.300000191,95.04203796,27.64309847,Africa,,87.85205,92.48175
Morocco,2017,9.241999626,92.92952728,27.45259829,Africa,,88.27532,92.65343
Mozambique,2000,2.852999926,16.57522964,44.50396052,Africa,,,
Mozambique,2001,2.842999935,19.36938095,44.68580863,Africa,,66.70367,58.84725
Mozambique,2002,2.89199996,22.77030945,44.85200106,Africa,,,
Mozambique,2004,2.971999884,29.84896088,45.12184293,Africa,,62.89802,57.13651
Mozambique,2005,3.015000105,41.82891846,45.19676441,Africa,,62.90867,58.05713
Mozambique,2006,3.039000034,41.26380157,45.42966332,Africa,,68.69869,63.55845
Mozambique,2007,3.085000038,45.44189835,45.57783405,Africa,,66.51949,62.21689
Mozambique,2008,3.128999949,58.13262939,45.66336347,Africa,,63.76626,57.52667
Mozambique,2009,3.174999952,55.26905823,45.71149405,Africa,,64.28921,60.60357
Mozambique,2010,3.217000008,58.99485016,45.73215119,Africa,,61.92471,57.29868
Mozambique,2011,3.255000114,54.87825012,45.74386664,Africa,,59.98626,55.24641
Mozambique,2012,3.298000097,52.04405975,45.73047361,Africa,,63.33528,58.09185
Mozambique,2013,3.342000008,49.54563141,45.68098243,Africa,,64.2767,59.05767
Mozambique,2014,3.382999897,48.80899811,45.57859676,Africa,,66.78853,60.74079
Mozambique,2015,3.430000067,48.95317841,45.42015417,Africa,,75.53374,72.48739
Mozambique,2017,3.450999975,47.14291,44.95946074,Africa,,,
Niger,2000,1.49000001,18.37958908,48.2749811,Africa,,49.7062,50.03469
Niger,2001,1.470000029,19.40044022,48.54459886,Africa,,57.64267,59.38882
Niger,2002,1.889999986,21.11149979,48.74717217,Africa,,56.93293,59.33287
Niger,2003,2.319000006,20.4672699,48.91175542,Africa,,61.30638,64.50274
Niger,2004,2.747999907,26.61951065,49.05911328,Africa,,68.34987,78.30493
Niger,2005,3.099999905,29.39775085,49.19252254,Africa,,70.98655,73.20934
Niger,2006,2.648999929,32.20075989,49.49177286,Africa,,49.90788,54.32512
Niger,2007,2.203000069,38.88185883,49.71068202,Africa,,56.31326,61.70592
Niger,2008,1.710000038,37.40855026,49.86797507,Africa,,56.16118,60.4181
Niger,2009,1.26699996,39.65544128,49.97433904,Africa,,76.1233,68.96427
Niger,2010,0.778999984,39.68682098,50.03614244,Africa,,70.0698,73.78217
Niger,2011,0.319999993,44.36259079,50.17661357,Africa,,61.97104,65.46206
Niger,2012,2.180000067,47.7938118,50.2477914,Africa,,68.51891,70.53683
Niger,2013,1.368999958,47.71931076,50.26394703,Africa,,62.00596,66.96961
Niger,2014,0.519999981,57.60813904,50.23477172,Africa,,,
Niger,2015,0.529999971,68.10016632,50.16528376,Africa,,56.04456,60.00972
Niger,2016,0.533999979,71.62693787,50.15734435,Africa,,,
Norway,2000,3.460000038,97.92279053,19.9834999,Europe,,99.84363,100
Norway,2001,3.74000001,101.5475082,19.96506855,Europe,,99.90946,99.85673
Norway,2002,4.019999981,102.7123566,19.91296121,Europe,,100,99.51265
Norway,2003,4.21999979,103.5053329,19.82746133,Europe,,100,99.601
Norway,2004,4.260000229,102.603241,19.7220921,Europe,,99.80689,99.90383
Norway,2005,4.380000114,100.0577927,19.61216778,Europe,,100,99.37706
Norway,2006,3.400000095,97.57623291,19.44489978,Europe,,99.25906,100
Norway,2007,2.49000001,97.81199646,19.29627949,Europe,,99.89265,100
Norway,2008,2.549999952,99.15969086,19.15125469,Europe,,99.52315,100
Norway,2009,3.099999905,101.2614212,18.99090255,Europe,,100,99.86645
Norway,2010,3.519999981,99.36022186,18.81156263,Europe,,100,99.61054
Norway,2011,3.210000038,97.66902161,18.6783824,Europe,,100,99.44726
Norway,2012,3.119999886,99.76106262,18.49056258,Europe,,98.46391,100
Norway,2013,3.420000076,101.0449219,18.28621378,Europe,,100,99.94283
Norway,2014,3.480000019,98.25798798,18.10705983,Europe,,99.86252,100
Norway,2015,4.300000191,97.96967316,17.9623165,Europe,,100,99.91709
Norway,2016,4.679999828,100.8554306,17.80181068,Europe,,99.33463,100
Norway,2017,4.159999847,101.0350189,17.6700981,Europe,,,
Peru,2000,4.883999825,96.83503723,34.43943041,South America,,95.54549,99.42773
Peru,2001,5.026000023,92.93534851,33.91047187,South America,,95.7725,99.70787
Peru,2002,4.840000153,92.84632111,33.41201318,South America,,,
Peru,2003,4.150000095,97.46295929,32.93820532,South America,,96.62992,98.90327
Peru,2004,4.699999809,97.17108154,32.48411095,South America,,96.92163,99.73863
Peru,2005,4.880000114,97.35832977,32.04541209,South America,,96.03033,100
Peru,2006,4.179999828,99.45909119,31.6095164,South America,,96.47194,99.39173
Peru,2007,4.039999962,102.4487686,31.20756281,South America,,95.41946,97.3294
Peru,2008,4.039999962,101.9316483,30.8311227,South America,,95.80817,99.38729
Peru,2009,3.980000019,99.36102295,30.46383878,South America,,95.25839,98.01208
Peru,2010,3.579999924,101.1632385,30.09512922,South America,,92.98795,95.72975
Peru,2011,3.480000019,99.37333679,29.69601068,South America,,88.85211,92.79903
Peru,2012,3.24000001,94.78259277,29.23645908,South America,,98.31446,99.9438
Peru,2013,3.569999933,96.84059906,28.77502432,South America,,93.74088,95.17065
Peru,2014,3.210000038,97.86360168,28.38398505,South America,,94.74466,96.14054
Peru,2015,3.269999981,100.4050598,28.08169964,South America,,94.83554,95.04318
Peru,2016,3.74000001,104.5288696,27.10003016,South America,,93.76628,93.81695
Peru,2017,3.690000057,97.44566345,26.36249663,South America,,95.10198,95.74209
Poland,2000,16.30999947,95.68995667,19.55771466,Europe,,,
Poland,2001,18.37000084,97.52599335,18.83457236,Europe,,,
Poland,2002,19.88999939,97.12104797,18.19589553,Europe,,,
Poland,2003,19.37000084,97.93739319,17.62687171,Europe,,,
Poland,2004,19.06999969,98.0164032,17.09917338,Europe,,,
Poland,2005,17.75,94.62142944,16.61075731,Europe,,,
Poland,2006,13.84000015,93.37822723,16.19080446,Europe,,,
Poland,2007,9.600000381,93.11898804,15.86379522,Europe,,,
Poland,2009,8.170000076,92.85269165,15.40594999,Europe,,98.03523,100
Poland,2010,9.640000343,93.47019196,15.21728757,Europe,,98.32023,100
Poland,2011,9.630000114,93.63150024,15.15975819,Europe,,,
Poland,2012,10.09000015,94.65113068,15.03209089,Europe,,98.5555,100
Poland,2013,10.32999992,96.64031982,14.89027175,Europe,,98.70937,100
Poland,2014,8.989999771,96.91201782,14.81620544,Europe,,98.90618,100
Poland,2015,7.5,100.0444031,14.8442953,Europe,,99.02756,100
Poland,2016,6.159999847,101.7503586,14.78517064,Europe,,99.52972,100
Poland,2017,4.889999866,106.2426987,14.87928021,Europe,,,
Samoa,2000,4.664000034,94.04708862,40.75515609,Oceania,,99.56585,96.05505
Samoa,2001,4.960000038,92.20979309,40.38097519,Oceania,,,
Samoa,2002,5.096000195,96.77629089,40.14693294,Oceania,,,
Samoa,2003,5.156000137,100.1923523,39.9844493,Oceania,,,
Samoa,2004,5.217000008,98.35681152,39.81521922,Oceania,,,
Samoa,2005,5.294000149,105.6754379,39.60506769,Oceania,,,
Samoa,2006,5.421999931,105.6587296,39.3098034,Oceania,,,
Samoa,2007,5.360000134,110.3516464,39.00113158,Oceania,,,
Samoa,2009,5.828000069,104.4812393,38.44036498,Oceania,,99.70421,100
Samoa,2010,5.728000164,106.4866104,38.30889115,Oceania,,93.87489,94.97808
Samoa,2011,5.679999828,105.8823471,38.15030752,Oceania,,96.79761,98.48421
Samoa,2012,8.75,106.2442627,38.09740387,Oceania,,,
Samoa,2013,8.666999817,110.5581436,38.20352562,Oceania,,,
Samoa,2014,8.720000267,107.5236588,38.47030241,Oceania,,99.41283,99.0593
Samoa,2015,8.501000404,110.3240204,38.8247818,Oceania,,99.75268,97.1223
Samoa,2016,8.30700016,110.7065506,38.6537127,Oceania,,97.50817,96.14521
Samoa,2017,8.578000069,107.0685577,38.54119743,Oceania,,97.7492,94.6771
Slovak Republic,2000,19.05999947,96.26741791,19.71341739,Europe,,100,99.00446
Slovak Republic,2001,19.37999916,100.1305237,19.03269486,Europe,,99.84429,99.54621
Slovak Republic,2002,18.71999931,97.50543976,18.42215787,Europe,,99.56299,99.84575
Slovak Republic,2003,17.12000084,98.38574982,17.86280838,Europe,,99.77957,99.61342
Slovak Republic,2004,18.60000038,96.92295074,17.33015643,Europe,,100,99.92513
Slovak Republic,2005,16.26000023,92.67681122,16.82243423,Europe,,99.53445,99.45163
Slovak Republic,2006,13.36999989,93.22329712,16.4332235,Europe,,99.2878,99.39087
Slovak Republic,2007,11.14000034,95.03366852,16.07656077,Europe,,99.24855,99.52404
Slovak Republic,2008,9.510000229,97.41287994,15.7661698,Europe,,99.29992,99.47355
Slovak Republic,2009,12.02999973,99.14994049,15.51796441,Europe,,99.28163,99.51706
Slovak Republic,2010,14.38000011,99.06211853,15.33510205,Europe,,99.25416,99.31644
Slovak Republic,2011,13.61999989,96.09583282,15.26475535,Europe,,99.26223,99.23851
Slovak Republic,2012,13.96000004,93.18823242,15.20393123,Europe,,99.32824,99.16996
Slovak Republic,2013,14.22000027,94.59078217,15.17345494,Europe,,99.19069,99.20837
Slovak Republic,2014,13.18000031,96.30828857,15.19176511,Europe,,98.93188,99.22107
Slovak Republic,2015,11.47999954,95.96457672,15.25780634,Europe,,,
Slovak Republic,2016,9.670000076,92.44306183,15.26103532,Europe,,99.15734,99.05959
Slovak Republic,2017,8.130000114,91.90563202,15.33772646,Europe,,,
South Korea,2000,4.059999943,103.2269821,20.61464218,Asia,,99.30916,99.37204
South Korea,2001,3.700000048,99.65302277,20.11166719,Asia,,99.28177,99.33426
South Korea,2002,3.049999952,94.81356049,19.77912417,Asia,,99.45682,99.29503
South Korea,2003,3.349999905,100.8678513,19.53389718,Asia,,98.22203,99.11818
South Korea,2004,3.420000076,99.6764679,19.23676029,Asia,,98.68869,99.13775
South Korea,2005,3.480000019,97.84371185,18.82733877,Asia,,98.62376,99.23678
South Korea,2006,3.25,99.13932037,18.3303812,Asia,,98.49254,99.18585
South Korea,2007,3.00999999,101.0923386,17.80158422,Asia,,99.93443,99.91071
South Korea,2008,2.960000038,100.1076965,17.23372253,Asia,,99.98423,100
South Korea,2009,3.359999895,101.6233521,16.65698464,Asia,,,
South Korea,2010,3.319999933,101.1586685,16.10160176,Asia,,100,99.96816
South Korea,2011,2.99000001,102.9780807,15.61584616,Asia,,,
South Korea,2012,2.809999943,109.6997681,15.11818697,Asia,,99.6269,99.95227
South Korea,2013,2.75,103.1858978,14.63229732,Asia,,99.56331,99.79813
South Korea,2014,3.079999924,96.15531921,14.183584,Asia,,99.50979,99.75648
South Korea,2015,3.549999952,101.4107971,13.78171927,Asia,,99.49422,99.79796
South Korea,2016,3.650000095,98.01557159,13.4979313,Asia,,99.50415,99.77094
South Korea,2017,3.650000095,91.3551178,13.22549928,Asia,,,
Sweden,2000,5.46999979,99.55304718,18.42229588,Europe,,100,99.85028
Sweden,2001,4.730000019,102.261673,18.08663115,Europe,,99.90002,100
Sweden,2002,4.96999979,102.5924072,17.91037933,Europe,,,
Sweden,2003,5.550000191,106.4890137,17.80505385,Europe,,100,99.69521
Sweden,2004,6.690000057,104.0877838,17.6498951,Europe,,,
Sweden,2005,7.489999771,100.1336136,17.4045759,Europe,,99.89556,100
Sweden,2006,7.070000172,95.60118866,17.3439466,Europe,,99.80885,100
Sweden,2007,6.159999847,95.09410858,17.11807751,Europe,,99.81767,100
Sweden,2008,6.230000019,94.29090118,16.8204635,Europe,,99.54774,100
Sweden,2009,8.350000381,93.21914673,16.59396074,Europe,,99.50542,100
Sweden,2010,8.609999657,96.71507263,16.50792616,Europe,,99.68305,100
Sweden,2011,7.800000191,101.3979416,16.51353004,Europe,,99.6844,100
Sweden,2012,7.980000019,102.6794815,16.62988855,Europe,,99.86477,100
Sweden,2013,8.050000191,102.461853,16.84142551,Europe,,100,99.98059
Sweden,2014,7.949999809,101.0252991,17.08040265,Europe,,99.84629,100
Sweden,2015,7.429999828,103.7717667,17.29430258,Europe,,99.25601,100
Sweden,2016,6.989999771,105.2293091,17.38833655,Europe,,99.11655,100
Sweden,2017,6.71999979,105.3862762,17.49516603,Europe,,,
Switzerland,2000,2.670000076,96.67292786,17.4435147,Europe,,100,99.88632
Switzerland,2001,2.49000001,98.05579376,17.24505998,Europe,,100,99.78637
Switzerland,2002,2.920000076,98.2871933,17.03206079,Europe,,99.63651,100
Switzerland,2003,4.119999886,98.48660278,16.80183931,Europe,,99.70178,100
Switzerland,2004,4.320000172,99.44709015,16.55156377,Europe,,100,99.69607
Switzerland,2005,4.440000057,96.96640778,16.28933224,Europe,,100,99.47135
Switzerland,2006,4,93.9294281,16.0171323,Europe,,100,99.54291
Switzerland,2007,3.650000095,93.3588028,15.74754988,Europe,,100,99.23348
Switzerland,2008,3.349999905,94.40711212,15.49153522,Europe,,100,99.37605
Switzerland,2009,4.119999886,96.10912323,15.25913358,Europe,,100,99.81243
Switzerland,2010,4.800000191,96.19563293,15.05834216,Europe,,100,99.77818
Switzerland,2011,4.400000095,96.65714264,14.95774879,Europe,,100,99.82513
Switzerland,2012,4.480000019,97.4105072,14.86844675,Europe,,100,99.67959
Switzerland,2013,4.75,96.85575104,14.80842356,Europe,,99.78603,100
Switzerland,2014,4.829999924,95.57646179,14.78589696,Europe,,100,99.75759
Switzerland,2015,4.800000191,95.77346802,14.79332632,Europe,,99.68553,100
Switzerland,2016,4.920000076,96.82687378,14.83255741,Europe,,99.82865,100
Switzerland,2017,4.800000191,97.15868378,14.87249468,Europe,,,
Tanzania,2000,3.062999964,50.53853989,44.76795551,Africa,,19.133,20.41612
Tanzania,2001,2.99000001,55.86848068,44.72270517,Africa,,18.69974,22.1076
Tanzania,2002,3.039999962,59.81444168,44.72557186,Africa,,,
Tanzania,2004,3.161999941,58.16949081,44.76909928,Africa,,32.78394,33.59273
Tanzania,2005,3.226000071,54.89395142,44.75561192,Africa,,,
Tanzania,2006,3.299999952,71.94429779,44.84261326,Africa,,,
Tanzania,2007,3.029999971,82.71264648,44.86815281,Africa,,,
Tanzania,2009,2.5,103.6184464,44.8604343,Africa,,,
Tanzania,2010,2.986000061,91.04519653,44.87562667,Africa,,,
Tanzania,2011,3.470000029,95.03222656,44.88568341,Africa,,,
Tanzania,2012,3.227999926,82.11129761,44.87752436,Africa,,53.90026,58.92648
Tanzania,2013,2.930000067,76.7352066,44.84794907,Africa,,,
Tanzania,2014,2.119999886,69.87106323,44.78511761,Africa,,,
Tanzania,2015,2.142999887,65.14202881,44.68216495,Africa,,,
Tanzania,2016,2.157999992,61.57209015,44.50756778,Africa,,,
Tanzania,2017,2.177000046,68.09828949,44.31644853,Africa,,69.17136,73.02509
The Gambia,2000,9.083000183,66.12757874,47.07206404,Africa,,69.24688,73.68687
The Gambia,2001,9.109999657,65.97637177,47.02663237,Africa,,67.56331,72.89152
The Gambia,2002,9.217000008,63.36499023,46.92817076,Africa,,92.20906,91.11979
The Gambia,2003,9.161000252,65.8316803,46.77897133,Africa,,91.8007,89.58806
The Gambia,2004,9.18599987,64.35018921,46.57590541,Africa,,88.04652,85.78546
The Gambia,2005,9.293000221,61.29161835,46.32091782,Africa,,92.65385,94.0667
The Gambia,2006,9.303999901,59.51028824,46.15999925,Africa,,96.13315,97.37673
The Gambia,2007,9.300999641,66.33712769,45.93937975,Africa,,85.32285,85.46966
The Gambia,2008,9.300000191,72.35038757,45.67778676,Africa,,,
The Gambia,2010,9.357999802,67.10289001,45.14531596,Africa,,86.99358,85.84154
The Gambia,2011,9.508999825,63.97330856,45.044036,Africa,,91.86454,92.85269
The Gambia,2012,9.420000076,65.6831131,44.9209008,Africa,,93.96523,92.71281
The Gambia,2013,9.453000069,66.41799927,44.7863536,Africa,,94.92243,93.89279
The Gambia,2014,9.503000259,66.99941254,44.64685021,Africa,,,
The Gambia,2015,9.467000008,67.47250366,44.50375385,Africa,,,
The Gambia,2016,9.498000145,69.27261353,44.45339895,Africa,,,
The Gambia,2017,9.484999657,72.04599762,44.37580204,Africa,,,
Uruguay,2000,12.63000011,97.31546021,24.53924047,South America,,87.95227,74.94171
Uruguay,2001,15.05000019,95.36992645,24.38281712,South America,,89.14747,78.01168
Uruguay,2002,16.64999962,94.87438202,24.24495797,South America,,88.95583,77.82583
Uruguay,2003,16.65999985,91.78016663,24.09783408,South America,,88.59806,76.43476
Uruguay,2004,12.97999954,92.22673798,23.91629504,South America,,88.40927,75.80027
Uruguay,2005,12.01000023,95.43369293,23.69484283,South America,,87.87716,77.86039
Uruguay,2006,10.84000015,99.69513702,23.44150375,South America,,84.76176,72.39518
Uruguay,2007,9.399999619,104.3697433,23.13805752,South America,,94.04257,82.86185
Uruguay,2008,8.029999733,106.7787933,22.80681428,South America,,88.14103,76.41429
Uruguay,2009,7.739999771,106.3130493,22.48739878,South America,,87.04365,75.71296
Uruguay,2010,7.159999847,104.8093033,22.20237998,South America,,,
Uruguay,2011,6.309999943,103.7869568,21.9163688,South America,,,
Uruguay,2012,6.449999809,102.6577377,21.68154544,South America,,,
Uruguay,2013,6.440000057,103.4294891,21.48108111,South America,,,
Uruguay,2014,6.550000191,103.9037018,21.28621153,South America,,,
Uruguay,2015,7.489999771,103.5109863,21.0852316,South America,,,
Uruguay,2016,7.840000153,104.6961899,20.94176358,South America,,,
Uruguay,2017,7.889999866,98.69988251,20.77703199,South America,,,
Uzbekistan,2000,12.22700024,95.76960754,37.27182387,Asia,,97.06659,100
Uzbekistan,2001,11.20499992,100.6883163,36.34955931,Asia,,100,99.21174
Uzbekistan,2002,10.14500046,102.2615891,35.41772557,Asia,,100,98.88493
Uzbekistan,2003,9.107000351,96.66867828,34.47105202,Asia,,98.80802,100
Uzbekistan,2004,8.194000244,94.9282608,33.52130815,Asia,,99.15171,100
Uzbekistan,2005,7.092999935,96.71703339,32.59883753,Asia,,99.57197,100
Uzbekistan,2006,6.02699995,98.63932037,31.7287836,Asia,,99.71149,99.90012
Uzbekistan,2007,4.989999771,96.6079483,30.94615855,Asia,,100,99.87867
Uzbekistan,2008,4.889999866,95.21112061,30.25373528,Asia,,98.9429,100
Uzbekistan,2009,5,92.27764893,29.64963418,Asia,,98.76971,100
Uzbekistan,2010,5.400000095,91.94624329,29.13533986,Asia,,98.01484,100
Uzbekistan,2011,5,92.55310059,28.88760435,Asia,,98.8142,100
Uzbekistan,2012,4.900000095,92.95034027,28.6385946,Asia,,98.54042,100
Uzbekistan,2013,4.900000095,96.60858917,28.43914723,Asia,,98.98625,100
Uzbekistan,2014,5.099999905,96.30272675,28.34228302,Asia,,98.87471,100
Uzbekistan,2015,5.199999809,98.24262238,28.35485487,Asia,,98.96368,100
Uzbekistan,2016,5.199999809,96.8192215,28.38854935,Asia,,98.81284,100
Uzbekistan,2017,5.800000191,98.40358734,28.51832389,Asia,,99.39881,100
West Bank and Gaza,2000,10.63000011,94.14679718,47.80597289,Asia,,100,98.70027
West Bank and Gaza,2001,21.48999977,95.70796204,47.4254587,Asia,,98.57284,99.86087
West Bank and Gaza,2002,27.45999908,92.85392761,47.03390131,Asia,,98.96487,99.17945
West Bank and Gaza,2003,23,97.40048981,46.59232712,Asia,,99.65455,100
West Bank and Gaza,2004,23.20999908,90.43264008,46.08106015,Asia,,98.45373,100
West Bank and Gaza,2005,20.02000046,92.98548126,45.52008812,Asia,,,
West Bank and Gaza,2007,18.28000069,86.13907623,44.20960159,Asia,,99.99781,99.49326
West Bank and Gaza,2008,22.90999985,87.79605103,43.55451932,Asia,,97.42558,96.81135
West Bank and Gaza,2009,20.45000076,89.84792328,42.9138104,Asia,,97.87568,95.79547
West Bank and Gaza,2010,21.42000008,95.00283813,42.29368993,Asia,,100,94.73775
West Bank and Gaza,2011,17.60000038,91.79595184,41.7802566,Asia,,96.62386,99.94435
West Bank and Gaza,2012,19.20000076,92.23401642,41.26719026,Asia,,99.05984,96.86771
West Bank and Gaza,2013,19.88999939,96.0062027,40.77216159,Asia,,98.87081,100
West Bank and Gaza,2014,20.53000069,100.0549698,40.3143494,Asia,,100,97.40224
West Bank and Gaza,2015,23,99.07182312,39.90308591,Asia,,99.70047,98.81839
West Bank and Gaza,2016,23.94000053,97.05693054,39.58699247,Asia,,97.54627,100
West Bank and Gaza,2017,25.68000031,99.82543945,39.2627317,Asia,,97.48525,96.48447
